[{"model": "admin.logentry", "pk": 1, "fields": {"action_time": "2023-02-18T07:55:59.877Z", "user": 1, "content_type": 8, "object_id": "1", "object_repr": "Catagory object (1)", "action_flag": 1, "change_message": "[{\"added\": {}}]"}}, {"model": "admin.logentry", "pk": 2, "fields": {"action_time": "2023-02-18T07:56:09.183Z", "user": 1, "content_type": 8, "object_id": "2", "object_repr": "Catagory object (2)", "action_flag": 1, "change_message": "[{\"added\": {}}]"}}, {"model": "admin.logentry", "pk": 3, "fields": {"action_time": "2023-02-18T08:05:11.804Z", "user": 1, "content_type": 7, "object_id": "1", "object_repr": "Product object (1)", "action_flag": 1, "change_message": "[{\"added\": {}}]"}}, {"model": "admin.logentry", "pk": 4, "fields": {"action_time": "2023-02-18T13:53:13.452Z", "user": 1, "content_type": 8, "object_id": "3", "object_repr": "Children - Boys", "action_flag": 1, "change_message": "[{\"added\": {}}]"}}, {"model": "admin.logentry", "pk": 5, "fields": {"action_time": "2023-02-18T13:53:28.469Z", "user": 1, "content_type": 8, "object_id": "4", "object_repr": "Children - Girls", "action_flag": 1, "change_message": "[{\"added\": {}}]"}}, {"model": "admin.logentry", "pk": 6, "fields": {"action_time": "2023-02-18T14:02:54.667Z", "user": 1, "content_type": 7, "object_id": "2", "object_repr": "Product object (2)", "action_flag": 1, "change_message": "[{\"added\": {}}]"}}, {"model": "admin.logentry", "pk": 7, "fields": {"action_time": "2023-02-18T14:03:20.423Z", "user": 1, "content_type": 7, "object_id": "3", "object_repr": "Product object (3)", "action_flag": 1, "change_message": "[{\"added\": {}}]"}}, {"model": "admin.logentry", "pk": 8, "fields": {"action_time": "2023-02-18T14:03:53.205Z", "user": 1, "content_type": 7, "object_id": "4", "object_repr": "Product object (4)", "action_flag": 1, "change_message": "[{\"added\": {}}]"}}, {"model": "admin.logentry", "pk": 9, "fields": {"action_time": "2023-02-18T14:04:33.751Z", "user": 1, "content_type": 7, "object_id": "5", "object_repr": "Product object (5)", "action_flag": 1, "change_message": "[{\"added\": {}}]"}}, {"model": "admin.logentry", "pk": 10, "fields": {"action_time": "2023-02-18T14:04:54.202Z", "user": 1, "content_type": 7, "object_id": "6", "object_repr": "Product object (6)", "action_flag": 1, "change_message": "[{\"added\": {}}]"}}, {"model": "admin.logentry", "pk": 11, "fields": {"action_time": "2023-02-18T14:05:09.021Z", "user": 1, "content_type": 7, "object_id": "7", "object_repr": "Product object (7)", "action_flag": 1, "change_message": "[{\"added\": {}}]"}}, {"model": "admin.logentry", "pk": 12, "fields": {"action_time": "2023-02-18T14:05:28.862Z", "user": 1, "content_type": 7, "object_id": "8", "object_repr": "Product object (8)", "action_flag": 1, "change_message": "[{\"added\": {}}]"}}, {"model": "admin.logentry", "pk": 13, "fields": {"action_time": "2023-02-18T14:05:59.259Z", "user": 1, "content_type": 7, "object_id": "9", "object_repr": "Product object (9)", "action_flag": 1, "change_message": "[{\"added\": {}}]"}}, {"model": "admin.logentry", "pk": 14, "fields": {"action_time": "2023-02-18T14:06:26.334Z", "user": 1, "content_type": 7, "object_id": "10", "object_repr": "Product object (10)", "action_flag": 1, "change_message": "[{\"added\": {}}]"}}, {"model": "admin.logentry", "pk": 15, "fields": {"action_time": "2023-02-18T14:07:11.756Z", "user": 1, "content_type": 7, "object_id": "11", "object_repr": "Product object (11)", "action_flag": 1, "change_message": "[{\"added\": {}}]"}}, {"model": "admin.logentry", "pk": 16, "fields": {"action_time": "2023-02-18T14:07:44.438Z", "user": 1, "content_type": 7, "object_id": "12", "object_repr": "Product object (12)", "action_flag": 1, "change_message": "[{\"added\": {}}]"}}, {"model": "admin.logentry", "pk": 17, "fields": {"action_time": "2023-02-18T14:08:20.215Z", "user": 1, "content_type": 7, "object_id": "13", "object_repr": "Product object (13)", "action_flag": 1, "change_message": "[{\"added\": {}}]"}}, {"model": "admin.logentry", "pk": 18, "fields": {"action_time": "2023-02-18T14:08:43.309Z", "user": 1, "content_type": 7, "object_id": "14", "object_repr": "Product object (14)", "action_flag": 1, "change_message": "[{\"added\": {}}]"}}, {"model": "admin.logentry", "pk": 19, "fields": {"action_time": "2023-02-18T14:09:11.818Z", "user": 1, "content_type": 7, "object_id": "15", "object_repr": "Product object (15)", "action_flag": 1, "change_message": "[{\"added\": {}}]"}}, {"model": "admin.logentry", "pk": 20, "fields": {"action_time": "2023-02-18T14:09:42.514Z", "user": 1, "content_type": 7, "object_id": "16", "object_repr": "Product object (16)", "action_flag": 1, "change_message": "[{\"added\": {}}]"}}, {"model": "admin.logentry", "pk": 21, "fields": {"action_time": "2023-02-18T14:10:37.103Z", "user": 1, "content_type": 7, "object_id": "17", "object_repr": "Product object (17)", "action_flag": 1, "change_message": "[{\"added\": {}}]"}}, {"model": "admin.logentry", "pk": 22, "fields": {"action_time": "2023-02-18T14:10:59.213Z", "user": 1, "content_type": 7, "object_id": "18", "object_repr": "Product object (18)", "action_flag": 1, "change_message": "[{\"added\": {}}]"}}, {"model": "admin.logentry", "pk": 23, "fields": {"action_time": "2023-02-18T14:11:40.290Z", "user": 1, "content_type": 7, "object_id": "19", "object_repr": "Product object (19)", "action_flag": 1, "change_message": "[{\"added\": {}}]"}}, {"model": "admin.logentry", "pk": 24, "fields": {"action_time": "2023-02-18T14:12:15.498Z", "user": 1, "content_type": 7, "object_id": "20", "object_repr": "Product object (20)", "action_flag": 1, "change_message": "[{\"added\": {}}]"}}, {"model": "admin.logentry", "pk": 25, "fields": {"action_time": "2023-02-18T14:12:44.836Z", "user": 1, "content_type": 7, "object_id": "21", "object_repr": "Product object (21)", "action_flag": 1, "change_message": "[{\"added\": {}}]"}}, {"model": "admin.logentry", "pk": 26, "fields": {"action_time": "2023-02-18T14:13:13.055Z", "user": 1, "content_type": 7, "object_id": "22", "object_repr": "Product object (22)", "action_flag": 1, "change_message": "[{\"added\": {}}]"}}, {"model": "admin.logentry", "pk": 27, "fields": {"action_time": "2023-02-18T14:13:46.891Z", "user": 1, "content_type": 7, "object_id": "23", "object_repr": "Product object (23)", "action_flag": 1, "change_message": "[{\"added\": {}}]"}}, {"model": "admin.logentry", "pk": 28, "fields": {"action_time": "2023-02-18T14:14:13.641Z", "user": 1, "content_type": 7, "object_id": "24", "object_repr": "Product object (24)", "action_flag": 1, "change_message": "[{\"added\": {}}]"}}, {"model": "admin.logentry", "pk": 29, "fields": {"action_time": "2023-02-18T14:14:35.623Z", "user": 1, "content_type": 7, "object_id": "25", "object_repr": "Product object (25)", "action_flag": 1, "change_message": "[{\"added\": {}}]"}}, {"model": "admin.logentry", "pk": 30, "fields": {"action_time": "2023-02-18T14:15:00.501Z", "user": 1, "content_type": 7, "object_id": "26", "object_repr": "Product object (26)", "action_flag": 1, "change_message": "[{\"added\": {}}]"}}, {"model": "admin.logentry", "pk": 31, "fields": {"action_time": "2023-02-18T14:15:19.705Z", "user": 1, "content_type": 7, "object_id": "27", "object_repr": "Product object (27)", "action_flag": 1, "change_message": "[{\"added\": {}}]"}}, {"model": "admin.logentry", "pk": 32, "fields": {"action_time": "2023-02-18T14:15:37.737Z", "user": 1, "content_type": 7, "object_id": "28", "object_repr": "Product object (28)", "action_flag": 1, "change_message": "[{\"added\": {}}]"}}, {"model": "admin.logentry", "pk": 33, "fields": {"action_time": "2023-02-18T14:16:01.851Z", "user": 1, "content_type": 7, "object_id": "29", "object_repr": "Product object (29)", "action_flag": 1, "change_message": "[{\"added\": {}}]"}}, {"model": "admin.logentry", "pk": 34, "fields": {"action_time": "2023-02-18T14:16:29.025Z", "user": 1, "content_type": 7, "object_id": "30", "object_repr": "Product object (30)", "action_flag": 1, "change_message": "[{\"added\": {}}]"}}, {"model": "admin.logentry", "pk": 35, "fields": {"action_time": "2023-02-18T14:17:10.339Z", "user": 1, "content_type": 7, "object_id": "30", "object_repr": "Product object (30)", "action_flag": 3, "change_message": ""}}, {"model": "admin.logentry", "pk": 36, "fields": {"action_time": "2023-02-19T11:11:24.281Z", "user": 1, "content_type": 9, "object_id": "2", "object_repr": "Customer object (2)", "action_flag": 3, "change_message": ""}}, {"model": "admin.logentry", "pk": 37, "fields": {"action_time": "2023-02-19T11:11:24.582Z", "user": 1, "content_type": 9, "object_id": "1", "object_repr": "Customer object (1)", "action_flag": 3, "change_message": ""}}, {"model": "admin.logentry", "pk": 38, "fields": {"action_time": "2023-02-19T11:40:15.217Z", "user": 1, "content_type": 9, "object_id": "3", "object_repr": "Customer object (3)", "action_flag": 3, "change_message": ""}}, {"model": "admin.logentry", "pk": 39, "fields": {"action_time": "2023-02-22T14:38:47.126Z", "user": 1, "content_type": 9, "object_id": "6", "object_repr": "Customer object (6)", "action_flag": 3, "change_message": ""}}, {"model": "admin.logentry", "pk": 40, "fields": {"action_time": "2023-02-22T14:38:47.438Z", "user": 1, "content_type": 9, "object_id": "5", "object_repr": "Customer object (5)", "action_flag": 3, "change_message": ""}}, {"model": "admin.logentry", "pk": 41, "fields": {"action_time": "2023-02-22T14:38:47.570Z", "user": 1, "content_type": 9, "object_id": "4", "object_repr": "Customer object (4)", "action_flag": 3, "change_message": ""}}, {"model": "admin.logentry", "pk": 42, "fields": {"action_time": "2023-02-25T13:35:09.739Z", "user": 1, "content_type": 4, "object_id": "2", "object_repr": "Sharda", "action_flag": 3, "change_message": ""}}, {"model": "admin.logentry", "pk": 43, "fields": {"action_time": "2023-03-08T16:37:50.020Z", "user": 1, "content_type": 9, "object_id": "9", "object_repr": "Customer object (9)", "action_flag": 3, "change_message": ""}}, {"model": "admin.logentry", "pk": 44, "fields": {"action_time": "2023-03-18T11:53:08.885Z", "user": 1, "content_type": 10, "object_id": "3", "object_repr": "Order object (3)", "action_flag": 3, "change_message": ""}}, {"model": "admin.logentry", "pk": 45, "fields": {"action_time": "2023-03-18T11:53:09.197Z", "user": 1, "content_type": 10, "object_id": "2", "object_repr": "Order object (2)", "action_flag": 3, "change_message": ""}}, {"model": "admin.logentry", "pk": 46, "fields": {"action_time": "2023-03-18T11:53:09.453Z", "user": 1, "content_type": 10, "object_id": "1", "object_repr": "Order object (1)", "action_flag": 3, "change_message": ""}}, {"model": "admin.logentry", "pk": 47, "fields": {"action_time": "2023-03-18T11:58:11.388Z", "user": 1, "content_type": 10, "object_id": "6", "object_repr": "Order object (6)", "action_flag": 3, "change_message": ""}}, {"model": "admin.logentry", "pk": 48, "fields": {"action_time": "2023-03-18T11:58:11.589Z", "user": 1, "content_type": 10, "object_id": "5", "object_repr": "Order object (5)", "action_flag": 3, "change_message": ""}}, {"model": "admin.logentry", "pk": 49, "fields": {"action_time": "2023-03-18T11:58:11.704Z", "user": 1, "content_type": 10, "object_id": "4", "object_repr": "Order object (4)", "action_flag": 3, "change_message": ""}}, {"model": "admin.logentry", "pk": 50, "fields": {"action_time": "2023-03-18T14:24:05.801Z", "user": 1, "content_type": 10, "object_id": "9", "object_repr": "Order object (9)", "action_flag": 3, "change_message": ""}}, {"model": "admin.logentry", "pk": 51, "fields": {"action_time": "2023-03-18T14:24:06.071Z", "user": 1, "content_type": 10, "object_id": "8", "object_repr": "Order object (8)", "action_flag": 3, "change_message": ""}}, {"model": "admin.logentry", "pk": 52, "fields": {"action_time": "2023-03-18T14:24:06.233Z", "user": 1, "content_type": 10, "object_id": "7", "object_repr": "Order object (7)", "action_flag": 3, "change_message": ""}}, {"model": "admin.logentry", "pk": 53, "fields": {"action_time": "2023-03-18T14:25:34.761Z", "user": 1, "content_type": 10, "object_id": "13", "object_repr": "Order object (13)", "action_flag": 3, "change_message": ""}}, {"model": "admin.logentry", "pk": 54, "fields": {"action_time": "2023-03-18T14:51:07.526Z", "user": 1, "content_type": 10, "object_id": "11", "object_repr": "Order object (11)", "action_flag": 2, "change_message": "[{\"changed\": {\"fields\": [\"Status\"]}}]"}}, {"model": "admin.logentry", "pk": 55, "fields": {"action_time": "2023-03-27T17:16:00.073Z", "user": 1, "content_type": 10, "object_id": "18", "object_repr": "Order object (18)", "action_flag": 3, "change_message": ""}}, {"model": "admin.logentry", "pk": 56, "fields": {"action_time": "2023-03-27T17:16:00.173Z", "user": 1, "content_type": 10, "object_id": "17", "object_repr": "Order object (17)", "action_flag": 3, "change_message": ""}}, {"model": "admin.logentry", "pk": 57, "fields": {"action_time": "2023-03-27T17:16:00.296Z", "user": 1, "content_type": 10, "object_id": "16", "object_repr": "Order object (16)", "action_flag": 3, "change_message": ""}}, {"model": "admin.logentry", "pk": 58, "fields": {"action_time": "2023-03-27T17:16:00.396Z", "user": 1, "content_type": 10, "object_id": "15", "object_repr": "Order object (15)", "action_flag": 3, "change_message": ""}}, {"model": "admin.logentry", "pk": 59, "fields": {"action_time": "2023-03-27T17:16:00.528Z", "user": 1, "content_type": 10, "object_id": "14", "object_repr": "Order object (14)", "action_flag": 3, "change_message": ""}}, {"model": "admin.logentry", "pk": 60, "fields": {"action_time": "2023-03-27T17:16:00.940Z", "user": 1, "content_type": 10, "object_id": "13", "object_repr": "Order object (13)", "action_flag": 3, "change_message": ""}}, {"model": "admin.logentry", "pk": 61, "fields": {"action_time": "2023-03-27T17:16:01.105Z", "user": 1, "content_type": 10, "object_id": "12", "object_repr": "Order object (12)", "action_flag": 3, "change_message": ""}}, {"model": "admin.logentry", "pk": 62, "fields": {"action_time": "2023-03-27T17:16:01.268Z", "user": 1, "content_type": 10, "object_id": "11", "object_repr": "Order object (11)", "action_flag": 3, "change_message": ""}}, {"model": "admin.logentry", "pk": 63, "fields": {"action_time": "2023-03-27T17:16:01.413Z", "user": 1, "content_type": 10, "object_id": "10", "object_repr": "Order object (10)", "action_flag": 3, "change_message": ""}}, {"model": "admin.logentry", "pk": 64, "fields": {"action_time": "2023-03-30T17:40:25.336Z", "user": 1, "content_type": 7, "object_id": "1", "object_repr": "Product object (1)", "action_flag": 2, "change_message": "[{\"changed\": {\"fields\": [\"Name\"]}}]"}}, {"model": "admin.logentry", "pk": 65, "fields": {"action_time": "2023-03-30T17:43:55.216Z", "user": 1, "content_type": 10, "object_id": "20", "object_repr": "Order object (20)", "action_flag": 2, "change_message": "[{\"changed\": {\"fields\": [\"Status\"]}}]"}}, {"model": "admin.logentry", "pk": 66, "fields": {"action_time": "2023-03-31T16:21:55.531Z", "user": 1, "content_type": 10, "object_id": "22", "object_repr": "Order object (22)", "action_flag": 3, "change_message": ""}}, {"model": "admin.logentry", "pk": 67, "fields": {"action_time": "2023-03-31T16:21:55.647Z", "user": 1, "content_type": 10, "object_id": "21", "object_repr": "Order object (21)", "action_flag": 3, "change_message": ""}}, {"model": "admin.logentry", "pk": 68, "fields": {"action_time": "2023-04-16T16:03:45.551Z", "user": 1, "content_type": 7, "object_id": "31", "object_repr": "Product object (31)", "action_flag": 1, "change_message": "[{\"added\": {}}]"}}, {"model": "admin.logentry", "pk": 69, "fields": {"action_time": "2023-04-16T16:04:09.301Z", "user": 1, "content_type": 7, "object_id": "32", "object_repr": "Product object (32)", "action_flag": 1, "change_message": "[{\"added\": {}}]"}}, {"model": "admin.logentry", "pk": 70, "fields": {"action_time": "2023-04-16T16:05:03.832Z", "user": 1, "content_type": 7, "object_id": "33", "object_repr": "Product object (33)", "action_flag": 1, "change_message": "[{\"added\": {}}]"}}, {"model": "admin.logentry", "pk": 71, "fields": {"action_time": "2023-04-16T16:05:43.274Z", "user": 1, "content_type": 7, "object_id": "34", "object_repr": "Product object (34)", "action_flag": 1, "change_message": "[{\"added\": {}}]"}}, {"model": "admin.logentry", "pk": 72, "fields": {"action_time": "2023-04-16T16:07:58.002Z", "user": 1, "content_type": 7, "object_id": "35", "object_repr": "Product object (35)", "action_flag": 1, "change_message": "[{\"added\": {}}]"}}, {"model": "admin.logentry", "pk": 73, "fields": {"action_time": "2023-04-16T16:09:35.656Z", "user": 1, "content_type": 7, "object_id": "36", "object_repr": "Product object (36)", "action_flag": 1, "change_message": "[{\"added\": {}}]"}}, {"model": "admin.logentry", "pk": 74, "fields": {"action_time": "2023-04-16T16:10:03.274Z", "user": 1, "content_type": 7, "object_id": "37", "object_repr": "Product object (37)", "action_flag": 1, "change_message": "[{\"added\": {}}]"}}, {"model": "admin.logentry", "pk": 75, "fields": {"action_time": "2023-04-16T16:10:38.780Z", "user": 1, "content_type": 7, "object_id": "38", "object_repr": "Product object (38)", "action_flag": 1, "change_message": "[{\"added\": {}}]"}}, {"model": "admin.logentry", "pk": 76, "fields": {"action_time": "2023-04-16T16:12:21.925Z", "user": 1, "content_type": 7, "object_id": "39", "object_repr": "Product object (39)", "action_flag": 1, "change_message": "[{\"added\": {}}]"}}, {"model": "admin.logentry", "pk": 77, "fields": {"action_time": "2023-04-16T16:12:53.320Z", "user": 1, "content_type": 7, "object_id": "40", "object_repr": "Product object (40)", "action_flag": 1, "change_message": "[{\"added\": {}}]"}}, {"model": "admin.logentry", "pk": 78, "fields": {"action_time": "2023-04-16T16:13:40.335Z", "user": 1, "content_type": 7, "object_id": "41", "object_repr": "Product object (41)", "action_flag": 1, "change_message": "[{\"added\": {}}]"}}, {"model": "admin.logentry", "pk": 79, "fields": {"action_time": "2023-04-16T16:14:21.476Z", "user": 1, "content_type": 7, "object_id": "42", "object_repr": "Product object (42)", "action_flag": 1, "change_message": "[{\"added\": {}}]"}}, {"model": "admin.logentry", "pk": 80, "fields": {"action_time": "2023-04-16T16:14:53.598Z", "user": 1, "content_type": 7, "object_id": "43", "object_repr": "Product object (43)", "action_flag": 1, "change_message": "[{\"added\": {}}]"}}, {"model": "admin.logentry", "pk": 81, "fields": {"action_time": "2023-04-16T16:20:44.769Z", "user": 1, "content_type": 7, "object_id": "44", "object_repr": "Product object (44)", "action_flag": 1, "change_message": "[{\"added\": {}}]"}}, {"model": "admin.logentry", "pk": 82, "fields": {"action_time": "2023-04-16T16:21:13.729Z", "user": 1, "content_type": 7, "object_id": "45", "object_repr": "Product object (45)", "action_flag": 1, "change_message": "[{\"added\": {}}]"}}, {"model": "admin.logentry", "pk": 83, "fields": {"action_time": "2023-04-16T16:21:41.637Z", "user": 1, "content_type": 7, "object_id": "46", "object_repr": "Product object (46)", "action_flag": 1, "change_message": "[{\"added\": {}}]"}}, {"model": "admin.logentry", "pk": 84, "fields": {"action_time": "2023-04-16T16:22:10.090Z", "user": 1, "content_type": 7, "object_id": "47", "object_repr": "Product object (47)", "action_flag": 1, "change_message": "[{\"added\": {}}]"}}, {"model": "admin.logentry", "pk": 85, "fields": {"action_time": "2023-04-16T16:22:52.221Z", "user": 1, "content_type": 7, "object_id": "48", "object_repr": "Product object (48)", "action_flag": 1, "change_message": "[{\"added\": {}}]"}}, {"model": "admin.logentry", "pk": 86, "fields": {"action_time": "2023-04-16T16:23:16.170Z", "user": 1, "content_type": 7, "object_id": "49", "object_repr": "Product object (49)", "action_flag": 1, "change_message": "[{\"added\": {}}]"}}, {"model": "admin.logentry", "pk": 87, "fields": {"action_time": "2023-04-16T16:26:30.304Z", "user": 1, "content_type": 7, "object_id": "50", "object_repr": "Product object (50)", "action_flag": 1, "change_message": "[{\"added\": {}}]"}}, {"model": "admin.logentry", "pk": 88, "fields": {"action_time": "2023-04-16T16:26:54.706Z", "user": 1, "content_type": 7, "object_id": "51", "object_repr": "Product object (51)", "action_flag": 1, "change_message": "[{\"added\": {}}]"}}, {"model": "admin.logentry", "pk": 89, "fields": {"action_time": "2023-04-16T16:28:59.551Z", "user": 1, "content_type": 7, "object_id": "52", "object_repr": "Product object (52)", "action_flag": 1, "change_message": "[{\"added\": {}}]"}}, {"model": "admin.logentry", "pk": 90, "fields": {"action_time": "2023-04-16T16:30:51.552Z", "user": 1, "content_type": 7, "object_id": "53", "object_repr": "Product object (53)", "action_flag": 1, "change_message": "[{\"added\": {}}]"}}, {"model": "admin.logentry", "pk": 91, "fields": {"action_time": "2023-04-16T16:32:32.045Z", "user": 1, "content_type": 7, "object_id": "54", "object_repr": "Product object (54)", "action_flag": 1, "change_message": "[{\"added\": {}}]"}}, {"model": "admin.logentry", "pk": 92, "fields": {"action_time": "2023-04-16T16:33:39.096Z", "user": 1, "content_type": 7, "object_id": "55", "object_repr": "Product object (55)", "action_flag": 1, "change_message": "[{\"added\": {}}]"}}, {"model": "admin.logentry", "pk": 93, "fields": {"action_time": "2023-04-16T16:34:16.325Z", "user": 1, "content_type": 7, "object_id": "56", "object_repr": "Product object (56)", "action_flag": 1, "change_message": "[{\"added\": {}}]"}}, {"model": "admin.logentry", "pk": 94, "fields": {"action_time": "2023-04-16T16:36:27.515Z", "user": 1, "content_type": 7, "object_id": "57", "object_repr": "Product object (57)", "action_flag": 1, "change_message": "[{\"added\": {}}]"}}, {"model": "admin.logentry", "pk": 95, "fields": {"action_time": "2023-04-16T16:39:55.597Z", "user": 1, "content_type": 7, "object_id": "58", "object_repr": "Product object (58)", "action_flag": 1, "change_message": "[{\"added\": {}}]"}}, {"model": "admin.logentry", "pk": 96, "fields": {"action_time": "2023-04-16T16:40:28.309Z", "user": 1, "content_type": 7, "object_id": "59", "object_repr": "Product object (59)", "action_flag": 1, "change_message": "[{\"added\": {}}]"}}, {"model": "admin.logentry", "pk": 97, "fields": {"action_time": "2023-04-16T16:40:58.704Z", "user": 1, "content_type": 7, "object_id": "60", "object_repr": "Product object (60)", "action_flag": 1, "change_message": "[{\"added\": {}}]"}}, {"model": "admin.logentry", "pk": 98, "fields": {"action_time": "2023-04-16T16:41:37.108Z", "user": 1, "content_type": 7, "object_id": "61", "object_repr": "Product object (61)", "action_flag": 1, "change_message": "[{\"added\": {}}]"}}, {"model": "admin.logentry", "pk": 99, "fields": {"action_time": "2023-04-16T16:47:43.434Z", "user": 1, "content_type": 7, "object_id": "62", "object_repr": "Product object (62)", "action_flag": 1, "change_message": "[{\"added\": {}}]"}}, {"model": "admin.logentry", "pk": 100, "fields": {"action_time": "2023-04-16T16:49:26.545Z", "user": 1, "content_type": 7, "object_id": "63", "object_repr": "Product object (63)", "action_flag": 1, "change_message": "[{\"added\": {}}]"}}, {"model": "admin.logentry", "pk": 101, "fields": {"action_time": "2023-04-16T16:50:27.050Z", "user": 1, "content_type": 7, "object_id": "64", "object_repr": "Product object (64)", "action_flag": 1, "change_message": "[{\"added\": {}}]"}}, {"model": "admin.logentry", "pk": 102, "fields": {"action_time": "2023-04-16T16:51:10.650Z", "user": 1, "content_type": 7, "object_id": "65", "object_repr": "Product object (65)", "action_flag": 1, "change_message": "[{\"added\": {}}]"}}, {"model": "admin.logentry", "pk": 103, "fields": {"action_time": "2023-04-29T14:42:47.479Z", "user": 1, "content_type": 7, "object_id": "1", "object_repr": "Product object (1)", "action_flag": 2, "change_message": "[{\"changed\": {\"fields\": [\"Name\"]}}]"}}, {"model": "admin.logentry", "pk": 104, "fields": {"action_time": "2023-04-29T14:42:55.449Z", "user": 1, "content_type": 7, "object_id": "1", "object_repr": "Product object (1)", "action_flag": 2, "change_message": "[]"}}, {"model": "admin.logentry", "pk": 105, "fields": {"action_time": "2023-04-29T14:44:00.222Z", "user": 1, "content_type": 7, "object_id": "2", "object_repr": "Product object (2)", "action_flag": 2, "change_message": "[{\"changed\": {\"fields\": [\"Name\"]}}]"}}, {"model": "admin.logentry", "pk": 106, "fields": {"action_time": "2023-04-29T14:45:39.178Z", "user": 1, "content_type": 7, "object_id": "2", "object_repr": "Product object (2)", "action_flag": 2, "change_message": "[{\"changed\": {\"fields\": [\"Name\"]}}]"}}, {"model": "admin.logentry", "pk": 107, "fields": {"action_time": "2023-04-29T14:46:20.359Z", "user": 1, "content_type": 7, "object_id": "3", "object_repr": "Product object (3)", "action_flag": 2, "change_message": "[{\"changed\": {\"fields\": [\"Name\"]}}]"}}, {"model": "admin.logentry", "pk": 108, "fields": {"action_time": "2023-04-29T14:47:15.220Z", "user": 1, "content_type": 7, "object_id": "4", "object_repr": "Product object (4)", "action_flag": 2, "change_message": "[{\"changed\": {\"fields\": [\"Name\"]}}]"}}, {"model": "admin.logentry", "pk": 109, "fields": {"action_time": "2023-04-29T14:48:22.455Z", "user": 1, "content_type": 7, "object_id": "5", "object_repr": "Product object (5)", "action_flag": 2, "change_message": "[{\"changed\": {\"fields\": [\"Name\"]}}]"}}, {"model": "admin.logentry", "pk": 110, "fields": {"action_time": "2023-04-29T14:48:51.178Z", "user": 1, "content_type": 7, "object_id": "6", "object_repr": "Product object (6)", "action_flag": 2, "change_message": "[{\"changed\": {\"fields\": [\"Name\"]}}]"}}, {"model": "admin.logentry", "pk": 111, "fields": {"action_time": "2023-04-29T14:50:03.352Z", "user": 1, "content_type": 7, "object_id": "7", "object_repr": "Product object (7)", "action_flag": 2, "change_message": "[{\"changed\": {\"fields\": [\"Name\"]}}]"}}, {"model": "admin.logentry", "pk": 112, "fields": {"action_time": "2023-04-29T14:54:58.002Z", "user": 1, "content_type": 7, "object_id": "8", "object_repr": "Product object (8)", "action_flag": 2, "change_message": "[{\"changed\": {\"fields\": [\"Name\", \"Image\"]}}]"}}, {"model": "admin.logentry", "pk": 113, "fields": {"action_time": "2023-04-29T14:55:31.474Z", "user": 1, "content_type": 7, "object_id": "8", "object_repr": "Product object (8)", "action_flag": 2, "change_message": "[{\"changed\": {\"fields\": [\"Name\"]}}]"}}, {"model": "admin.logentry", "pk": 114, "fields": {"action_time": "2023-04-29T14:56:34.587Z", "user": 1, "content_type": 7, "object_id": "9", "object_repr": "Product object (9)", "action_flag": 2, "change_message": "[{\"changed\": {\"fields\": [\"Name\"]}}]"}}, {"model": "admin.logentry", "pk": 115, "fields": {"action_time": "2023-04-29T14:57:33.154Z", "user": 1, "content_type": 7, "object_id": "10", "object_repr": "Product object (10)", "action_flag": 2, "change_message": "[{\"changed\": {\"fields\": [\"Name\"]}}]"}}, {"model": "admin.logentry", "pk": 116, "fields": {"action_time": "2023-04-29T14:58:27.842Z", "user": 1, "content_type": 7, "object_id": "11", "object_repr": "Product object (11)", "action_flag": 2, "change_message": "[{\"changed\": {\"fields\": [\"Name\"]}}]"}}, {"model": "admin.logentry", "pk": 117, "fields": {"action_time": "2023-04-29T14:58:57.722Z", "user": 1, "content_type": 7, "object_id": "12", "object_repr": "Product object (12)", "action_flag": 2, "change_message": "[{\"changed\": {\"fields\": [\"Name\"]}}]"}}, {"model": "admin.logentry", "pk": 118, "fields": {"action_time": "2023-04-29T15:00:38.301Z", "user": 1, "content_type": 7, "object_id": "13", "object_repr": "Product object (13)", "action_flag": 2, "change_message": "[{\"changed\": {\"fields\": [\"Name\"]}}]"}}, {"model": "admin.logentry", "pk": 119, "fields": {"action_time": "2023-04-29T15:01:51.128Z", "user": 1, "content_type": 7, "object_id": "14", "object_repr": "Product object (14)", "action_flag": 2, "change_message": "[{\"changed\": {\"fields\": [\"Name\"]}}]"}}, {"model": "admin.logentry", "pk": 120, "fields": {"action_time": "2023-04-29T15:03:03.869Z", "user": 1, "content_type": 7, "object_id": "15", "object_repr": "Product object (15)", "action_flag": 2, "change_message": "[{\"changed\": {\"fields\": [\"Name\"]}}]"}}, {"model": "admin.logentry", "pk": 121, "fields": {"action_time": "2023-04-29T15:04:29.854Z", "user": 1, "content_type": 7, "object_id": "16", "object_repr": "Product object (16)", "action_flag": 2, "change_message": "[{\"changed\": {\"fields\": [\"Name\"]}}]"}}, {"model": "admin.logentry", "pk": 122, "fields": {"action_time": "2023-04-29T15:05:23.927Z", "user": 1, "content_type": 7, "object_id": "17", "object_repr": "Product object (17)", "action_flag": 2, "change_message": "[{\"changed\": {\"fields\": [\"Name\"]}}]"}}, {"model": "admin.logentry", "pk": 123, "fields": {"action_time": "2023-04-29T15:05:41.093Z", "user": 1, "content_type": 7, "object_id": "17", "object_repr": "Product object (17)", "action_flag": 2, "change_message": "[{\"changed\": {\"fields\": [\"Name\"]}}]"}}, {"model": "admin.logentry", "pk": 124, "fields": {"action_time": "2023-04-29T15:07:03.567Z", "user": 1, "content_type": 7, "object_id": "19", "object_repr": "Product object (19)", "action_flag": 2, "change_message": "[{\"changed\": {\"fields\": [\"Name\"]}}]"}}, {"model": "admin.logentry", "pk": 125, "fields": {"action_time": "2023-04-29T15:07:23.118Z", "user": 1, "content_type": 7, "object_id": "2", "object_repr": "Product object (2)", "action_flag": 2, "change_message": "[{\"changed\": {\"fields\": [\"Name\"]}}]"}}, {"model": "admin.logentry", "pk": 126, "fields": {"action_time": "2023-04-29T15:07:53.693Z", "user": 1, "content_type": 7, "object_id": "20", "object_repr": "Product object (20)", "action_flag": 2, "change_message": "[{\"changed\": {\"fields\": [\"Name\"]}}]"}}, {"model": "admin.logentry", "pk": 127, "fields": {"action_time": "2023-04-29T15:08:30.360Z", "user": 1, "content_type": 7, "object_id": "21", "object_repr": "Product object (21)", "action_flag": 2, "change_message": "[{\"changed\": {\"fields\": [\"Name\"]}}]"}}, {"model": "admin.logentry", "pk": 128, "fields": {"action_time": "2023-04-29T15:09:48.715Z", "user": 1, "content_type": 7, "object_id": "23", "object_repr": "Product object (23)", "action_flag": 2, "change_message": "[{\"changed\": {\"fields\": [\"Name\"]}}]"}}, {"model": "admin.logentry", "pk": 129, "fields": {"action_time": "2023-04-29T15:10:57.453Z", "user": 1, "content_type": 7, "object_id": "24", "object_repr": "Product object (24)", "action_flag": 2, "change_message": "[{\"changed\": {\"fields\": [\"Name\"]}}]"}}, {"model": "admin.logentry", "pk": 130, "fields": {"action_time": "2023-04-29T15:11:05.440Z", "user": 1, "content_type": 7, "object_id": "16", "object_repr": "Product object (16)", "action_flag": 2, "change_message": "[]"}}, {"model": "admin.logentry", "pk": 131, "fields": {"action_time": "2023-04-29T15:11:36.953Z", "user": 1, "content_type": 7, "object_id": "25", "object_repr": "Product object (25)", "action_flag": 2, "change_message": "[{\"changed\": {\"fields\": [\"Name\"]}}]"}}, {"model": "admin.logentry", "pk": 132, "fields": {"action_time": "2023-04-29T15:15:22.894Z", "user": 1, "content_type": 7, "object_id": "26", "object_repr": "Product object (26)", "action_flag": 2, "change_message": "[{\"changed\": {\"fields\": [\"Name\", \"Image\"]}}]"}}, {"model": "admin.logentry", "pk": 133, "fields": {"action_time": "2023-04-29T15:17:42.883Z", "user": 1, "content_type": 7, "object_id": "27", "object_repr": "Product object (27)", "action_flag": 2, "change_message": "[{\"changed\": {\"fields\": [\"Name\"]}}]"}}, {"model": "admin.logentry", "pk": 134, "fields": {"action_time": "2023-04-29T15:18:43.072Z", "user": 1, "content_type": 7, "object_id": "28", "object_repr": "Product object (28)", "action_flag": 2, "change_message": "[{\"changed\": {\"fields\": [\"Name\"]}}]"}}, {"model": "admin.logentry", "pk": 135, "fields": {"action_time": "2023-04-29T15:20:46.729Z", "user": 1, "content_type": 7, "object_id": "29", "object_repr": "Product object (29)", "action_flag": 2, "change_message": "[{\"changed\": {\"fields\": [\"Name\"]}}]"}}, {"model": "admin.logentry", "pk": 136, "fields": {"action_time": "2023-04-29T15:22:29.271Z", "user": 1, "content_type": 7, "object_id": "29", "object_repr": "Product object (29)", "action_flag": 2, "change_message": "[{\"changed\": {\"fields\": [\"Name\"]}}]"}}, {"model": "admin.logentry", "pk": 137, "fields": {"action_time": "2023-04-29T15:22:50.356Z", "user": 1, "content_type": 7, "object_id": "31", "object_repr": "Product object (31)", "action_flag": 2, "change_message": "[{\"changed\": {\"fields\": [\"Name\"]}}]"}}, {"model": "admin.logentry", "pk": 138, "fields": {"action_time": "2023-04-29T15:23:16.700Z", "user": 1, "content_type": 7, "object_id": "31", "object_repr": "Product object (31)", "action_flag": 2, "change_message": "[{\"changed\": {\"fields\": [\"Name\"]}}]"}}, {"model": "admin.logentry", "pk": 139, "fields": {"action_time": "2023-04-29T15:24:05.403Z", "user": 1, "content_type": 7, "object_id": "38", "object_repr": "Product object (38)", "action_flag": 2, "change_message": "[{\"changed\": {\"fields\": [\"Name\"]}}]"}}, {"model": "admin.logentry", "pk": 140, "fields": {"action_time": "2023-04-29T17:44:26.600Z", "user": 1, "content_type": 10, "object_id": "29", "object_repr": "Order object (29)", "action_flag": 2, "change_message": "[{\"changed\": {\"fields\": [\"Status\"]}}]"}}, {"model": "admin.logentry", "pk": 141, "fields": {"action_time": "2023-04-29T17:44:36.669Z", "user": 1, "content_type": 10, "object_id": "19", "object_repr": "Order object (19)", "action_flag": 2, "change_message": "[{\"changed\": {\"fields\": [\"Status\"]}}]"}}, {"model": "admin.logentry", "pk": 142, "fields": {"action_time": "2023-04-29T17:44:44.828Z", "user": 1, "content_type": 10, "object_id": "23", "object_repr": "Order object (23)", "action_flag": 2, "change_message": "[{\"changed\": {\"fields\": [\"Status\"]}}]"}}, {"model": "admin.logentry", "pk": 143, "fields": {"action_time": "2023-04-29T17:44:51.824Z", "user": 1, "content_type": 10, "object_id": "29", "object_repr": "Order object (29)", "action_flag": 2, "change_message": "[]"}}, {"model": "admin.logentry", "pk": 144, "fields": {"action_time": "2023-04-29T17:44:59.748Z", "user": 1, "content_type": 10, "object_id": "27", "object_repr": "Order object (27)", "action_flag": 2, "change_message": "[{\"changed\": {\"fields\": [\"Status\"]}}]"}}, {"model": "admin.logentry", "pk": 145, "fields": {"action_time": "2023-05-13T09:43:15.815Z", "user": 1, "content_type": 9, "object_id": "14", "object_repr": "Customer object (14)", "action_flag": 3, "change_message": ""}}, {"model": "admin.logentry", "pk": 146, "fields": {"action_time": "2023-05-13T09:43:16.069Z", "user": 1, "content_type": 9, "object_id": "13", "object_repr": "Customer object (13)", "action_flag": 3, "change_message": ""}}, {"model": "admin.logentry", "pk": 147, "fields": {"action_time": "2023-05-13T09:43:16.200Z", "user": 1, "content_type": 9, "object_id": "12", "object_repr": "Customer object (12)", "action_flag": 3, "change_message": ""}}, {"model": "admin.logentry", "pk": 148, "fields": {"action_time": "2023-05-13T09:43:16.401Z", "user": 1, "content_type": 9, "object_id": "11", "object_repr": "Customer object (11)", "action_flag": 3, "change_message": ""}}, {"model": "admin.logentry", "pk": 149, "fields": {"action_time": "2023-05-13T09:43:16.591Z", "user": 1, "content_type": 9, "object_id": "10", "object_repr": "Customer object (10)", "action_flag": 3, "change_message": ""}}, {"model": "admin.logentry", "pk": 150, "fields": {"action_time": "2023-05-13T09:43:16.722Z", "user": 1, "content_type": 9, "object_id": "8", "object_repr": "Customer object (8)", "action_flag": 3, "change_message": ""}}, {"model": "admin.logentry", "pk": 151, "fields": {"action_time": "2023-05-13T09:43:16.949Z", "user": 1, "content_type": 9, "object_id": "7", "object_repr": "Customer object (7)", "action_flag": 3, "change_message": ""}}, {"model": "admin.logentry", "pk": 152, "fields": {"action_time": "2023-07-10T17:11:55.484Z", "user": 1, "content_type": 11, "object_id": "1", "object_repr": "H&M", "action_flag": 1, "change_message": "[{\"added\": {}}]"}}, {"model": "admin.logentry", "pk": 153, "fields": {"action_time": "2023-07-10T17:12:02.709Z", "user": 1, "content_type": 11, "object_id": "2", "object_repr": "Adidas", "action_flag": 1, "change_message": "[{\"added\": {}}]"}}, {"model": "admin.logentry", "pk": 154, "fields": {"action_time": "2023-07-10T17:12:06.626Z", "user": 1, "content_type": 11, "object_id": "3", "object_repr": "Puma", "action_flag": 1, "change_message": "[{\"added\": {}}]"}}, {"model": "admin.logentry", "pk": 155, "fields": {"action_time": "2023-07-10T17:12:10.117Z", "user": 1, "content_type": 11, "object_id": "4", "object_repr": "Adden", "action_flag": 1, "change_message": "[{\"added\": {}}]"}}, {"model": "admin.logentry", "pk": 156, "fields": {"action_time": "2023-07-10T17:12:53.031Z", "user": 1, "content_type": 12, "object_id": "1", "object_repr": "abc", "action_flag": 1, "change_message": "[{\"added\": {}}]"}}, {"model": "admin.logentry", "pk": 157, "fields": {"action_time": "2023-07-10T17:13:12.579Z", "user": 1, "content_type": 12, "object_id": "2", "object_repr": "def", "action_flag": 1, "change_message": "[{\"added\": {}}]"}}, {"model": "admin.logentry", "pk": 158, "fields": {"action_time": "2023-07-10T17:13:34.932Z", "user": 1, "content_type": 12, "object_id": "3", "object_repr": "anu", "action_flag": 1, "change_message": "[{\"added\": {}}]"}}, {"model": "admin.logentry", "pk": 159, "fields": {"action_time": "2023-07-12T10:38:58.743Z", "user": 1, "content_type": 12, "object_id": "4", "object_repr": "Amb", "action_flag": 1, "change_message": "[{\"added\": {}}]"}}, {"model": "admin.logentry", "pk": 160, "fields": {"action_time": "2023-07-12T11:53:48.035Z", "user": 1, "content_type": 9, "object_id": "16", "object_repr": "Customer object (16)", "action_flag": 1, "change_message": "[{\"added\": {}}]"}}, {"model": "admin.logentry", "pk": 161, "fields": {"action_time": "2023-07-12T11:55:03.533Z", "user": 1, "content_type": 9, "object_id": "16", "object_repr": "Customer object (16)", "action_flag": 3, "change_message": ""}}, {"model": "admin.logentry", "pk": 162, "fields": {"action_time": "2023-07-12T14:01:59.004Z", "user": 1, "content_type": 12, "object_id": "5", "object_repr": "Abani", "action_flag": 3, "change_message": ""}}, {"model": "admin.logentry", "pk": 163, "fields": {"action_time": "2023-07-12T14:01:59.249Z", "user": 1, "content_type": 12, "object_id": "4", "object_repr": "Amb", "action_flag": 3, "change_message": ""}}, {"model": "admin.logentry", "pk": 164, "fields": {"action_time": "2023-07-12T17:52:32.503Z", "user": 1, "content_type": 7, "object_id": "66", "object_repr": "Product object (66)", "action_flag": 3, "change_message": ""}}, {"model": "admin.logentry", "pk": 165, "fields": {"action_time": "2023-07-13T04:38:38.762Z", "user": 1, "content_type": 7, "object_id": "67", "object_repr": "Product object (67)", "action_flag": 3, "change_message": ""}}, {"model": "admin.logentry", "pk": 166, "fields": {"action_time": "2023-07-13T04:41:27.704Z", "user": 1, "content_type": 7, "object_id": "68", "object_repr": "Product object (68)", "action_flag": 2, "change_message": "[{\"changed\": {\"fields\": [\"Image\"]}}]"}}, {"model": "admin.logentry", "pk": 167, "fields": {"action_time": "2023-07-13T04:43:33.046Z", "user": 1, "content_type": 7, "object_id": "68", "object_repr": "Product object (68)", "action_flag": 3, "change_message": ""}}, {"model": "admin.logentry", "pk": 168, "fields": {"action_time": "2023-07-13T04:45:33.953Z", "user": 1, "content_type": 7, "object_id": "69", "object_repr": "Product object (69)", "action_flag": 3, "change_message": ""}}, {"model": "admin.logentry", "pk": 169, "fields": {"action_time": "2023-07-14T12:07:04.353Z", "user": 1, "content_type": 7, "object_id": "2", "object_repr": "Product object (2)", "action_flag": 2, "change_message": "[{\"changed\": {\"fields\": [\"Name\"]}}]"}}, {"model": "admin.logentry", "pk": 170, "fields": {"action_time": "2023-07-14T13:08:17.174Z", "user": 1, "content_type": 10, "object_id": "44", "object_repr": "Order object (44)", "action_flag": 3, "change_message": ""}}, {"model": "admin.logentry", "pk": 171, "fields": {"action_time": "2023-07-14T13:08:17.324Z", "user": 1, "content_type": 10, "object_id": "43", "object_repr": "Order object (43)", "action_flag": 3, "change_message": ""}}, {"model": "admin.logentry", "pk": 172, "fields": {"action_time": "2023-07-14T13:08:17.536Z", "user": 1, "content_type": 10, "object_id": "42", "object_repr": "Order object (42)", "action_flag": 3, "change_message": ""}}, {"model": "admin.logentry", "pk": 173, "fields": {"action_time": "2023-07-14T13:08:17.765Z", "user": 1, "content_type": 10, "object_id": "41", "object_repr": "Order object (41)", "action_flag": 3, "change_message": ""}}, {"model": "admin.logentry", "pk": 174, "fields": {"action_time": "2023-07-14T13:08:17.949Z", "user": 1, "content_type": 10, "object_id": "40", "object_repr": "Order object (40)", "action_flag": 3, "change_message": ""}}, {"model": "admin.logentry", "pk": 175, "fields": {"action_time": "2023-07-14T13:08:18.123Z", "user": 1, "content_type": 10, "object_id": "39", "object_repr": "Order object (39)", "action_flag": 3, "change_message": ""}}, {"model": "admin.logentry", "pk": 176, "fields": {"action_time": "2023-07-14T13:08:18.478Z", "user": 1, "content_type": 10, "object_id": "38", "object_repr": "Order object (38)", "action_flag": 3, "change_message": ""}}, {"model": "admin.logentry", "pk": 177, "fields": {"action_time": "2023-07-14T13:08:18.655Z", "user": 1, "content_type": 10, "object_id": "37", "object_repr": "Order object (37)", "action_flag": 3, "change_message": ""}}, {"model": "admin.logentry", "pk": 178, "fields": {"action_time": "2023-07-14T13:08:18.789Z", "user": 1, "content_type": 10, "object_id": "36", "object_repr": "Order object (36)", "action_flag": 3, "change_message": ""}}, {"model": "admin.logentry", "pk": 179, "fields": {"action_time": "2023-07-14T13:08:18.911Z", "user": 1, "content_type": 10, "object_id": "35", "object_repr": "Order object (35)", "action_flag": 3, "change_message": ""}}, {"model": "admin.logentry", "pk": 180, "fields": {"action_time": "2023-07-14T13:08:19.088Z", "user": 1, "content_type": 10, "object_id": "34", "object_repr": "Order object (34)", "action_flag": 3, "change_message": ""}}, {"model": "admin.logentry", "pk": 181, "fields": {"action_time": "2023-07-14T13:08:19.189Z", "user": 1, "content_type": 10, "object_id": "33", "object_repr": "Order object (33)", "action_flag": 3, "change_message": ""}}, {"model": "admin.logentry", "pk": 182, "fields": {"action_time": "2023-07-14T13:08:19.312Z", "user": 1, "content_type": 10, "object_id": "32", "object_repr": "Order object (32)", "action_flag": 3, "change_message": ""}}, {"model": "admin.logentry", "pk": 183, "fields": {"action_time": "2023-07-14T18:14:30.120Z", "user": 1, "content_type": 12, "object_id": "2", "object_repr": "def", "action_flag": 2, "change_message": "[{\"changed\": {\"fields\": [\"Password\"]}}]"}}, {"model": "admin.logentry", "pk": 184, "fields": {"action_time": "2023-07-14T18:14:35.943Z", "user": 1, "content_type": 12, "object_id": "2", "object_repr": "def", "action_flag": 2, "change_message": "[]"}}, {"model": "admin.logentry", "pk": 185, "fields": {"action_time": "2023-07-14T18:17:54.882Z", "user": 1, "content_type": 7, "object_id": "65", "object_repr": "Product object (65)", "action_flag": 2, "change_message": "[{\"changed\": {\"fields\": [\"Vendor\"]}}]"}}, {"model": "admin.logentry", "pk": 186, "fields": {"action_time": "2023-07-14T18:18:01.759Z", "user": 1, "content_type": 7, "object_id": "65", "object_repr": "Product object (65)", "action_flag": 2, "change_message": "[]"}}, {"model": "admin.logentry", "pk": 187, "fields": {"action_time": "2023-07-14T18:18:12.298Z", "user": 1, "content_type": 7, "object_id": "64", "object_repr": "Product object (64)", "action_flag": 2, "change_message": "[{\"changed\": {\"fields\": [\"Vendor\"]}}]"}}, {"model": "admin.logentry", "pk": 188, "fields": {"action_time": "2023-07-14T18:18:21.924Z", "user": 1, "content_type": 7, "object_id": "63", "object_repr": "Product object (63)", "action_flag": 2, "change_message": "[{\"changed\": {\"fields\": [\"Vendor\"]}}]"}}, {"model": "admin.logentry", "pk": 189, "fields": {"action_time": "2023-07-14T18:18:30.542Z", "user": 1, "content_type": 7, "object_id": "61", "object_repr": "Product object (61)", "action_flag": 2, "change_message": "[{\"changed\": {\"fields\": [\"Vendor\"]}}]"}}, {"model": "admin.logentry", "pk": 190, "fields": {"action_time": "2023-07-14T18:18:43.050Z", "user": 1, "content_type": 7, "object_id": "57", "object_repr": "Product object (57)", "action_flag": 2, "change_message": "[{\"changed\": {\"fields\": [\"Vendor\"]}}]"}}, {"model": "admin.logentry", "pk": 191, "fields": {"action_time": "2023-07-14T18:18:52.914Z", "user": 1, "content_type": 7, "object_id": "55", "object_repr": "Product object (55)", "action_flag": 2, "change_message": "[{\"changed\": {\"fields\": [\"Vendor\"]}}]"}}, {"model": "admin.logentry", "pk": 192, "fields": {"action_time": "2023-07-14T18:19:01.301Z", "user": 1, "content_type": 7, "object_id": "45", "object_repr": "Product object (45)", "action_flag": 2, "change_message": "[{\"changed\": {\"fields\": [\"Vendor\"]}}]"}}, {"model": "admin.logentry", "pk": 193, "fields": {"action_time": "2023-07-14T18:19:09.085Z", "user": 1, "content_type": 7, "object_id": "34", "object_repr": "Product object (34)", "action_flag": 2, "change_message": "[{\"changed\": {\"fields\": [\"Vendor\"]}}]"}}, {"model": "admin.logentry", "pk": 194, "fields": {"action_time": "2023-07-14T18:19:27.810Z", "user": 1, "content_type": 7, "object_id": "2", "object_repr": "Product object (2)", "action_flag": 2, "change_message": "[{\"changed\": {\"fields\": [\"Vendor\"]}}]"}}, {"model": "admin.logentry", "pk": 195, "fields": {"action_time": "2023-07-14T19:19:44.842Z", "user": 1, "content_type": 7, "object_id": "71", "object_repr": "Product object (71)", "action_flag": 3, "change_message": ""}}, {"model": "admin.logentry", "pk": 196, "fields": {"action_time": "2023-07-15T11:10:26.909Z", "user": 1, "content_type": 12, "object_id": "7", "object_repr": "sharda", "action_flag": 3, "change_message": ""}}, {"model": "admin.logentry", "pk": 197, "fields": {"action_time": "2023-07-15T12:12:28.844Z", "user": 1, "content_type": 7, "object_id": "1", "object_repr": "Product object (1)", "action_flag": 2, "change_message": "[{\"changed\": {\"fields\": [\"Vendor\"]}}]"}}, {"model": "admin.logentry", "pk": 198, "fields": {"action_time": "2023-07-15T12:12:42.030Z", "user": 1, "content_type": 7, "object_id": "2", "object_repr": "Product object (2)", "action_flag": 2, "change_message": "[{\"changed\": {\"fields\": [\"Vendor\"]}}]"}}, {"model": "admin.logentry", "pk": 199, "fields": {"action_time": "2023-07-15T12:12:54.333Z", "user": 1, "content_type": 7, "object_id": "3", "object_repr": "Product object (3)", "action_flag": 2, "change_message": "[{\"changed\": {\"fields\": [\"Vendor\"]}}]"}}, {"model": "admin.logentry", "pk": 200, "fields": {"action_time": "2023-07-15T12:13:07.964Z", "user": 1, "content_type": 7, "object_id": "4", "object_repr": "Product object (4)", "action_flag": 2, "change_message": "[{\"changed\": {\"fields\": [\"Vendor\"]}}]"}}, {"model": "admin.logentry", "pk": 201, "fields": {"action_time": "2023-07-15T12:13:29.804Z", "user": 1, "content_type": 7, "object_id": "5", "object_repr": "Product object (5)", "action_flag": 2, "change_message": "[{\"changed\": {\"fields\": [\"Vendor\"]}}]"}}, {"model": "admin.logentry", "pk": 202, "fields": {"action_time": "2023-07-15T12:13:48.613Z", "user": 1, "content_type": 7, "object_id": "6", "object_repr": "Product object (6)", "action_flag": 2, "change_message": "[{\"changed\": {\"fields\": [\"Vendor\"]}}]"}}, {"model": "admin.logentry", "pk": 203, "fields": {"action_time": "2023-07-15T12:14:01.253Z", "user": 1, "content_type": 7, "object_id": "7", "object_repr": "Product object (7)", "action_flag": 2, "change_message": "[{\"changed\": {\"fields\": [\"Vendor\"]}}]"}}, {"model": "admin.logentry", "pk": 204, "fields": {"action_time": "2023-07-15T12:18:06.749Z", "user": 1, "content_type": 7, "object_id": "8", "object_repr": "Product object (8)", "action_flag": 2, "change_message": "[{\"changed\": {\"fields\": [\"Vendor\"]}}]"}}, {"model": "admin.logentry", "pk": 205, "fields": {"action_time": "2023-07-15T12:18:24.602Z", "user": 1, "content_type": 7, "object_id": "22", "object_repr": "Product object (22)", "action_flag": 2, "change_message": "[{\"changed\": {\"fields\": [\"Vendor\"]}}]"}}, {"model": "admin.logentry", "pk": 206, "fields": {"action_time": "2023-07-15T12:19:12.314Z", "user": 1, "content_type": 7, "object_id": "27", "object_repr": "Product object (27)", "action_flag": 2, "change_message": "[{\"changed\": {\"fields\": [\"Vendor\"]}}]"}}, {"model": "admin.logentry", "pk": 207, "fields": {"action_time": "2023-07-15T12:21:29.306Z", "user": 1, "content_type": 7, "object_id": "28", "object_repr": "Product object (28)", "action_flag": 2, "change_message": "[{\"changed\": {\"fields\": [\"Vendor\"]}}]"}}, {"model": "admin.logentry", "pk": 208, "fields": {"action_time": "2023-07-15T12:21:49.621Z", "user": 1, "content_type": 7, "object_id": "29", "object_repr": "Product object (29)", "action_flag": 2, "change_message": "[{\"changed\": {\"fields\": [\"Vendor\"]}}]"}}, {"model": "admin.logentry", "pk": 209, "fields": {"action_time": "2023-07-15T12:28:19.820Z", "user": 1, "content_type": 7, "object_id": "33", "object_repr": "Product object (33)", "action_flag": 2, "change_message": "[{\"changed\": {\"fields\": [\"Vendor\"]}}]"}}, {"model": "admin.logentry", "pk": 210, "fields": {"action_time": "2023-07-15T12:29:03.155Z", "user": 1, "content_type": 7, "object_id": "32", "object_repr": "Product object (32)", "action_flag": 2, "change_message": "[{\"changed\": {\"fields\": [\"Vendor\"]}}]"}}, {"model": "admin.logentry", "pk": 211, "fields": {"action_time": "2023-07-15T12:29:19.080Z", "user": 1, "content_type": 7, "object_id": "31", "object_repr": "Product object (31)", "action_flag": 2, "change_message": "[{\"changed\": {\"fields\": [\"Vendor\"]}}]"}}, {"model": "admin.logentry", "pk": 212, "fields": {"action_time": "2023-07-15T12:34:22.427Z", "user": 1, "content_type": 7, "object_id": "9", "object_repr": "Product object (9)", "action_flag": 2, "change_message": "[{\"changed\": {\"fields\": [\"Vendor\"]}}]"}}, {"model": "admin.logentry", "pk": 213, "fields": {"action_time": "2023-07-15T12:34:36.296Z", "user": 1, "content_type": 7, "object_id": "10", "object_repr": "Product object (10)", "action_flag": 2, "change_message": "[{\"changed\": {\"fields\": [\"Vendor\"]}}]"}}, {"model": "admin.logentry", "pk": 214, "fields": {"action_time": "2023-07-15T12:34:48.777Z", "user": 1, "content_type": 7, "object_id": "11", "object_repr": "Product object (11)", "action_flag": 2, "change_message": "[{\"changed\": {\"fields\": [\"Vendor\"]}}]"}}, {"model": "admin.logentry", "pk": 215, "fields": {"action_time": "2023-07-15T12:35:11.031Z", "user": 1, "content_type": 7, "object_id": "12", "object_repr": "Product object (12)", "action_flag": 2, "change_message": "[{\"changed\": {\"fields\": [\"Vendor\"]}}]"}}, {"model": "admin.logentry", "pk": 216, "fields": {"action_time": "2023-07-15T12:35:26.286Z", "user": 1, "content_type": 7, "object_id": "13", "object_repr": "Product object (13)", "action_flag": 2, "change_message": "[{\"changed\": {\"fields\": [\"Vendor\"]}}]"}}, {"model": "admin.logentry", "pk": 217, "fields": {"action_time": "2023-07-15T12:35:41.719Z", "user": 1, "content_type": 7, "object_id": "14", "object_repr": "Product object (14)", "action_flag": 2, "change_message": "[{\"changed\": {\"fields\": [\"Vendor\"]}}]"}}, {"model": "admin.logentry", "pk": 218, "fields": {"action_time": "2023-07-15T12:35:51.356Z", "user": 1, "content_type": 7, "object_id": "15", "object_repr": "Product object (15)", "action_flag": 2, "change_message": "[{\"changed\": {\"fields\": [\"Vendor\"]}}]"}}, {"model": "admin.logentry", "pk": 219, "fields": {"action_time": "2023-07-15T12:36:01.671Z", "user": 1, "content_type": 7, "object_id": "16", "object_repr": "Product object (16)", "action_flag": 2, "change_message": "[{\"changed\": {\"fields\": [\"Vendor\"]}}]"}}, {"model": "admin.logentry", "pk": 220, "fields": {"action_time": "2023-07-15T12:50:18.921Z", "user": 1, "content_type": 7, "object_id": "26", "object_repr": "Product object (26)", "action_flag": 2, "change_message": "[{\"changed\": {\"fields\": [\"Vendor\"]}}]"}}, {"model": "admin.logentry", "pk": 221, "fields": {"action_time": "2023-07-15T12:50:57.388Z", "user": 1, "content_type": 7, "object_id": "25", "object_repr": "Product object (25)", "action_flag": 2, "change_message": "[{\"changed\": {\"fields\": [\"Vendor\"]}}]"}}, {"model": "admin.logentry", "pk": 222, "fields": {"action_time": "2023-07-15T12:51:38.138Z", "user": 1, "content_type": 7, "object_id": "24", "object_repr": "Product object (24)", "action_flag": 2, "change_message": "[{\"changed\": {\"fields\": [\"Vendor\"]}}]"}}, {"model": "admin.logentry", "pk": 223, "fields": {"action_time": "2023-07-15T12:51:45.777Z", "user": 1, "content_type": 7, "object_id": "23", "object_repr": "Product object (23)", "action_flag": 2, "change_message": "[{\"changed\": {\"fields\": [\"Vendor\"]}}]"}}, {"model": "admin.logentry", "pk": 224, "fields": {"action_time": "2023-07-15T12:52:32.560Z", "user": 1, "content_type": 7, "object_id": "38", "object_repr": "Product object (38)", "action_flag": 2, "change_message": "[{\"changed\": {\"fields\": [\"Vendor\"]}}]"}}, {"model": "admin.logentry", "pk": 225, "fields": {"action_time": "2023-07-15T12:52:38.424Z", "user": 1, "content_type": 7, "object_id": "35", "object_repr": "Product object (35)", "action_flag": 2, "change_message": "[{\"changed\": {\"fields\": [\"Vendor\"]}}]"}}, {"model": "admin.logentry", "pk": 226, "fields": {"action_time": "2023-07-15T12:52:43.341Z", "user": 1, "content_type": 7, "object_id": "36", "object_repr": "Product object (36)", "action_flag": 2, "change_message": "[{\"changed\": {\"fields\": [\"Vendor\"]}}]"}}, {"model": "admin.logentry", "pk": 227, "fields": {"action_time": "2023-07-15T12:52:48.666Z", "user": 1, "content_type": 7, "object_id": "37", "object_repr": "Product object (37)", "action_flag": 2, "change_message": "[{\"changed\": {\"fields\": [\"Vendor\"]}}]"}}, {"model": "admin.logentry", "pk": 228, "fields": {"action_time": "2023-07-15T13:05:21.465Z", "user": 1, "content_type": 7, "object_id": "20", "object_repr": "Product object (20)", "action_flag": 2, "change_message": "[{\"changed\": {\"fields\": [\"Vendor\"]}}]"}}, {"model": "admin.logentry", "pk": 229, "fields": {"action_time": "2023-07-15T13:05:28.749Z", "user": 1, "content_type": 7, "object_id": "17", "object_repr": "Product object (17)", "action_flag": 2, "change_message": "[{\"changed\": {\"fields\": [\"Vendor\"]}}]"}}, {"model": "admin.logentry", "pk": 230, "fields": {"action_time": "2023-07-15T13:05:34.247Z", "user": 1, "content_type": 7, "object_id": "18", "object_repr": "Product object (18)", "action_flag": 2, "change_message": "[{\"changed\": {\"fields\": [\"Vendor\"]}}]"}}, {"model": "admin.logentry", "pk": 231, "fields": {"action_time": "2023-07-15T13:05:39.535Z", "user": 1, "content_type": 7, "object_id": "19", "object_repr": "Product object (19)", "action_flag": 2, "change_message": "[{\"changed\": {\"fields\": [\"Vendor\"]}}]"}}, {"model": "admin.logentry", "pk": 232, "fields": {"action_time": "2023-07-15T13:06:05.955Z", "user": 1, "content_type": 7, "object_id": "21", "object_repr": "Product object (21)", "action_flag": 2, "change_message": "[{\"changed\": {\"fields\": [\"Vendor\"]}}]"}}, {"model": "admin.logentry", "pk": 233, "fields": {"action_time": "2023-07-15T13:06:59.465Z", "user": 1, "content_type": 7, "object_id": "39", "object_repr": "Product object (39)", "action_flag": 2, "change_message": "[{\"changed\": {\"fields\": [\"Vendor\"]}}]"}}, {"model": "admin.logentry", "pk": 234, "fields": {"action_time": "2023-07-15T13:07:06.629Z", "user": 1, "content_type": 7, "object_id": "40", "object_repr": "Product object (40)", "action_flag": 2, "change_message": "[{\"changed\": {\"fields\": [\"Vendor\"]}}]"}}, {"model": "admin.logentry", "pk": 235, "fields": {"action_time": "2023-07-15T13:07:14.562Z", "user": 1, "content_type": 7, "object_id": "41", "object_repr": "Product object (41)", "action_flag": 2, "change_message": "[{\"changed\": {\"fields\": [\"Vendor\"]}}]"}}, {"model": "admin.logentry", "pk": 236, "fields": {"action_time": "2023-07-15T13:07:53.081Z", "user": 1, "content_type": 7, "object_id": "42", "object_repr": "Product object (42)", "action_flag": 2, "change_message": "[{\"changed\": {\"fields\": [\"Vendor\"]}}]"}}, {"model": "admin.logentry", "pk": 237, "fields": {"action_time": "2023-07-15T13:07:58.896Z", "user": 1, "content_type": 7, "object_id": "43", "object_repr": "Product object (43)", "action_flag": 2, "change_message": "[{\"changed\": {\"fields\": [\"Vendor\"]}}]"}}, {"model": "admin.logentry", "pk": 238, "fields": {"action_time": "2023-07-15T13:08:05.002Z", "user": 1, "content_type": 7, "object_id": "44", "object_repr": "Product object (44)", "action_flag": 2, "change_message": "[{\"changed\": {\"fields\": [\"Vendor\"]}}]"}}, {"model": "admin.logentry", "pk": 239, "fields": {"action_time": "2023-07-15T13:08:31.159Z", "user": 1, "content_type": 7, "object_id": "49", "object_repr": "Product object (49)", "action_flag": 2, "change_message": "[{\"changed\": {\"fields\": [\"Vendor\"]}}]"}}, {"model": "admin.logentry", "pk": 240, "fields": {"action_time": "2023-07-15T13:08:36.442Z", "user": 1, "content_type": 7, "object_id": "46", "object_repr": "Product object (46)", "action_flag": 2, "change_message": "[{\"changed\": {\"fields\": [\"Vendor\"]}}]"}}, {"model": "admin.logentry", "pk": 241, "fields": {"action_time": "2023-07-15T13:08:43.409Z", "user": 1, "content_type": 7, "object_id": "47", "object_repr": "Product object (47)", "action_flag": 2, "change_message": "[{\"changed\": {\"fields\": [\"Vendor\"]}}]"}}, {"model": "admin.logentry", "pk": 242, "fields": {"action_time": "2023-07-15T13:08:48.804Z", "user": 1, "content_type": 7, "object_id": "48", "object_repr": "Product object (48)", "action_flag": 2, "change_message": "[{\"changed\": {\"fields\": [\"Vendor\"]}}]"}}, {"model": "admin.logentry", "pk": 243, "fields": {"action_time": "2023-07-15T13:10:46.500Z", "user": 1, "content_type": 7, "object_id": "50", "object_repr": "Product object (50)", "action_flag": 2, "change_message": "[{\"changed\": {\"fields\": [\"Vendor\"]}}]"}}, {"model": "admin.logentry", "pk": 244, "fields": {"action_time": "2023-07-15T13:10:52.688Z", "user": 1, "content_type": 7, "object_id": "51", "object_repr": "Product object (51)", "action_flag": 2, "change_message": "[{\"changed\": {\"fields\": [\"Vendor\"]}}]"}}, {"model": "admin.logentry", "pk": 245, "fields": {"action_time": "2023-07-15T13:10:57.181Z", "user": 1, "content_type": 7, "object_id": "52", "object_repr": "Product object (52)", "action_flag": 2, "change_message": "[{\"changed\": {\"fields\": [\"Vendor\"]}}]"}}, {"model": "admin.logentry", "pk": 246, "fields": {"action_time": "2023-07-15T13:11:01.637Z", "user": 1, "content_type": 7, "object_id": "53", "object_repr": "Product object (53)", "action_flag": 2, "change_message": "[{\"changed\": {\"fields\": [\"Vendor\"]}}]"}}, {"model": "admin.logentry", "pk": 247, "fields": {"action_time": "2023-07-15T13:11:35.583Z", "user": 1, "content_type": 7, "object_id": "54", "object_repr": "Product object (54)", "action_flag": 2, "change_message": "[{\"changed\": {\"fields\": [\"Vendor\"]}}]"}}, {"model": "admin.logentry", "pk": 248, "fields": {"action_time": "2023-07-15T13:11:42.634Z", "user": 1, "content_type": 7, "object_id": "56", "object_repr": "Product object (56)", "action_flag": 2, "change_message": "[{\"changed\": {\"fields\": [\"Vendor\"]}}]"}}, {"model": "admin.logentry", "pk": 249, "fields": {"action_time": "2023-07-15T13:12:17.953Z", "user": 1, "content_type": 7, "object_id": "58", "object_repr": "Product object (58)", "action_flag": 2, "change_message": "[{\"changed\": {\"fields\": [\"Vendor\"]}}]"}}, {"model": "admin.logentry", "pk": 250, "fields": {"action_time": "2023-07-15T13:12:24.012Z", "user": 1, "content_type": 7, "object_id": "59", "object_repr": "Product object (59)", "action_flag": 2, "change_message": "[{\"changed\": {\"fields\": [\"Vendor\"]}}]"}}, {"model": "admin.logentry", "pk": 251, "fields": {"action_time": "2023-07-15T13:12:29.548Z", "user": 1, "content_type": 7, "object_id": "60", "object_repr": "Product object (60)", "action_flag": 2, "change_message": "[{\"changed\": {\"fields\": [\"Vendor\"]}}]"}}, {"model": "admin.logentry", "pk": 252, "fields": {"action_time": "2023-07-15T13:12:34.828Z", "user": 1, "content_type": 7, "object_id": "61", "object_repr": "Product object (61)", "action_flag": 2, "change_message": "[{\"changed\": {\"fields\": [\"Vendor\"]}}]"}}, {"model": "admin.logentry", "pk": 253, "fields": {"action_time": "2023-07-15T13:12:53.074Z", "user": 1, "content_type": 7, "object_id": "62", "object_repr": "Product object (62)", "action_flag": 2, "change_message": "[{\"changed\": {\"fields\": [\"Vendor\"]}}]"}}, {"model": "admin.logentry", "pk": 254, "fields": {"action_time": "2023-07-15T13:12:58.461Z", "user": 1, "content_type": 7, "object_id": "65", "object_repr": "Product object (65)", "action_flag": 2, "change_message": "[{\"changed\": {\"fields\": [\"Vendor\"]}}]"}}, {"model": "admin.logentry", "pk": 255, "fields": {"action_time": "2023-07-15T13:13:03.280Z", "user": 1, "content_type": 7, "object_id": "64", "object_repr": "Product object (64)", "action_flag": 2, "change_message": "[{\"changed\": {\"fields\": [\"Vendor\"]}}]"}}, {"model": "admin.logentry", "pk": 256, "fields": {"action_time": "2023-07-15T13:13:08.015Z", "user": 1, "content_type": 7, "object_id": "63", "object_repr": "Product object (63)", "action_flag": 2, "change_message": "[{\"changed\": {\"fields\": [\"Vendor\"]}}]"}}, {"model": "admin.logentry", "pk": 257, "fields": {"action_time": "2023-07-15T13:15:23.414Z", "user": 1, "content_type": 12, "object_id": "3", "object_repr": "anu", "action_flag": 3, "change_message": ""}}, {"model": "admin.logentry", "pk": 258, "fields": {"action_time": "2023-07-15T13:15:23.569Z", "user": 1, "content_type": 12, "object_id": "2", "object_repr": "def", "action_flag": 3, "change_message": ""}}, {"model": "admin.logentry", "pk": 259, "fields": {"action_time": "2023-07-15T13:15:23.747Z", "user": 1, "content_type": 12, "object_id": "1", "object_repr": "abc", "action_flag": 3, "change_message": ""}}, {"model": "admin.logentry", "pk": 260, "fields": {"action_time": "2023-09-14T16:56:08.957Z", "user": 1, "content_type": 10, "object_id": "47", "object_repr": "Order object (47)", "action_flag": 2, "change_message": "[{\"changed\": {\"fields\": [\"Status\"]}}]"}}, {"model": "auth.permission", "pk": 1, "fields": {"name": "Can add log entry", "content_type": 1, "codename": "add_logentry"}}, {"model": "auth.permission", "pk": 2, "fields": {"name": "Can change log entry", "content_type": 1, "codename": "change_logentry"}}, {"model": "auth.permission", "pk": 3, "fields": {"name": "Can delete log entry", "content_type": 1, "codename": "delete_logentry"}}, {"model": "auth.permission", "pk": 4, "fields": {"name": "Can view log entry", "content_type": 1, "codename": "view_logentry"}}, {"model": "auth.permission", "pk": 5, "fields": {"name": "Can add permission", "content_type": 2, "codename": "add_permission"}}, {"model": "auth.permission", "pk": 6, "fields": {"name": "Can change permission", "content_type": 2, "codename": "change_permission"}}, {"model": "auth.permission", "pk": 7, "fields": {"name": "Can delete permission", "content_type": 2, "codename": "delete_permission"}}, {"model": "auth.permission", "pk": 8, "fields": {"name": "Can view permission", "content_type": 2, "codename": "view_permission"}}, {"model": "auth.permission", "pk": 9, "fields": {"name": "Can add group", "content_type": 3, "codename": "add_group"}}, {"model": "auth.permission", "pk": 10, "fields": {"name": "Can change group", "content_type": 3, "codename": "change_group"}}, {"model": "auth.permission", "pk": 11, "fields": {"name": "Can delete group", "content_type": 3, "codename": "delete_group"}}, {"model": "auth.permission", "pk": 12, "fields": {"name": "Can view group", "content_type": 3, "codename": "view_group"}}, {"model": "auth.permission", "pk": 13, "fields": {"name": "Can add user", "content_type": 4, "codename": "add_user"}}, {"model": "auth.permission", "pk": 14, "fields": {"name": "Can change user", "content_type": 4, "codename": "change_user"}}, {"model": "auth.permission", "pk": 15, "fields": {"name": "Can delete user", "content_type": 4, "codename": "delete_user"}}, {"model": "auth.permission", "pk": 16, "fields": {"name": "Can view user", "content_type": 4, "codename": "view_user"}}, {"model": "auth.permission", "pk": 17, "fields": {"name": "Can add content type", "content_type": 5, "codename": "add_contenttype"}}, {"model": "auth.permission", "pk": 18, "fields": {"name": "Can change content type", "content_type": 5, "codename": "change_contenttype"}}, {"model": "auth.permission", "pk": 19, "fields": {"name": "Can delete content type", "content_type": 5, "codename": "delete_contenttype"}}, {"model": "auth.permission", "pk": 20, "fields": {"name": "Can view content type", "content_type": 5, "codename": "view_contenttype"}}, {"model": "auth.permission", "pk": 21, "fields": {"name": "Can add session", "content_type": 6, "codename": "add_session"}}, {"model": "auth.permission", "pk": 22, "fields": {"name": "Can change session", "content_type": 6, "codename": "change_session"}}, {"model": "auth.permission", "pk": 23, "fields": {"name": "Can delete session", "content_type": 6, "codename": "delete_session"}}, {"model": "auth.permission", "pk": 24, "fields": {"name": "Can view session", "content_type": 6, "codename": "view_session"}}, {"model": "auth.permission", "pk": 25, "fields": {"name": "Can add catagory", "content_type": 8, "codename": "add_catagory"}}, {"model": "auth.permission", "pk": 26, "fields": {"name": "Can change catagory", "content_type": 8, "codename": "change_catagory"}}, {"model": "auth.permission", "pk": 27, "fields": {"name": "Can delete catagory", "content_type": 8, "codename": "delete_catagory"}}, {"model": "auth.permission", "pk": 28, "fields": {"name": "Can view catagory", "content_type": 8, "codename": "view_catagory"}}, {"model": "auth.permission", "pk": 29, "fields": {"name": "Can add product", "content_type": 7, "codename": "add_product"}}, {"model": "auth.permission", "pk": 30, "fields": {"name": "Can change product", "content_type": 7, "codename": "change_product"}}, {"model": "auth.permission", "pk": 31, "fields": {"name": "Can delete product", "content_type": 7, "codename": "delete_product"}}, {"model": "auth.permission", "pk": 32, "fields": {"name": "Can view product", "content_type": 7, "codename": "view_product"}}, {"model": "auth.permission", "pk": 33, "fields": {"name": "Can add customer", "content_type": 9, "codename": "add_customer"}}, {"model": "auth.permission", "pk": 34, "fields": {"name": "Can change customer", "content_type": 9, "codename": "change_customer"}}, {"model": "auth.permission", "pk": 35, "fields": {"name": "Can delete customer", "content_type": 9, "codename": "delete_customer"}}, {"model": "auth.permission", "pk": 36, "fields": {"name": "Can view customer", "content_type": 9, "codename": "view_customer"}}, {"model": "auth.permission", "pk": 37, "fields": {"name": "Can add order", "content_type": 10, "codename": "add_order"}}, {"model": "auth.permission", "pk": 38, "fields": {"name": "Can change order", "content_type": 10, "codename": "change_order"}}, {"model": "auth.permission", "pk": 39, "fields": {"name": "Can delete order", "content_type": 10, "codename": "delete_order"}}, {"model": "auth.permission", "pk": 40, "fields": {"name": "Can view order", "content_type": 10, "codename": "view_order"}}, {"model": "auth.permission", "pk": 41, "fields": {"name": "Can add company", "content_type": 11, "codename": "add_company"}}, {"model": "auth.permission", "pk": 42, "fields": {"name": "Can change company", "content_type": 11, "codename": "change_company"}}, {"model": "auth.permission", "pk": 43, "fields": {"name": "Can delete company", "content_type": 11, "codename": "delete_company"}}, {"model": "auth.permission", "pk": 44, "fields": {"name": "Can view company", "content_type": 11, "codename": "view_company"}}, {"model": "auth.permission", "pk": 45, "fields": {"name": "Can add vendor", "content_type": 12, "codename": "add_vendor"}}, {"model": "auth.permission", "pk": 46, "fields": {"name": "Can change vendor", "content_type": 12, "codename": "change_vendor"}}, {"model": "auth.permission", "pk": 47, "fields": {"name": "Can delete vendor", "content_type": 12, "codename": "delete_vendor"}}, {"model": "auth.permission", "pk": 48, "fields": {"name": "Can view vendor", "content_type": 12, "codename": "view_vendor"}}, {"model": "auth.user", "pk": 1, "fields": {"password": "pbkdf2_sha256$320000$WKRYLs5cbrrgTjpU2A8eS0$Di4HMWAckUxeLdSUIRbSbrKW2ab4iR4TGyNRQ2JfoRY=", "last_login": "2023-10-11T05:42:36.983Z", "is_superuser": true, "username": "Anurag", "first_name": "", "last_name": "", "email": "anuragsharda131@gmail.com", "is_staff": true, "is_active": true, "date_joined": "2023-02-18T07:31:22.554Z", "groups": [], "user_permissions": []}}, {"model": "auth.user", "pk": 3, "fields": {"password": "pbkdf2_sha256$390000$tErMklIFb8j9U0v6xNVYwJ$IzibKWvjsg3dT80esx+D/wOD2Hb7KPFdaNxufcoX8HM=", "last_login": "2024-02-19T16:11:34.947Z", "is_superuser": true, "username": "admin", "first_name": "", "last_name": "", "email": "a@gmail.com", "is_staff": true, "is_active": true, "date_joined": "2023-12-09T20:12:50.939Z", "groups": [], "user_permissions": []}}, {"model": "contenttypes.contenttype", "pk": 1, "fields": {"app_label": "admin", "model": "logentry"}}, {"model": "contenttypes.contenttype", "pk": 2, "fields": {"app_label": "auth", "model": "permission"}}, {"model": "contenttypes.contenttype", "pk": 3, "fields": {"app_label": "auth", "model": "group"}}, {"model": "contenttypes.contenttype", "pk": 4, "fields": {"app_label": "auth", "model": "user"}}, {"model": "contenttypes.contenttype", "pk": 5, "fields": {"app_label": "contenttypes", "model": "contenttype"}}, {"model": "contenttypes.contenttype", "pk": 6, "fields": {"app_label": "sessions", "model": "session"}}, {"model": "contenttypes.contenttype", "pk": 7, "fields": {"app_label": "kapde", "model": "product"}}, {"model": "contenttypes.contenttype", "pk": 8, "fields": {"app_label": "kapde", "model": "catagory"}}, {"model": "contenttypes.contenttype", "pk": 9, "fields": {"app_label": "kapde", "model": "customer"}}, {"model": "contenttypes.contenttype", "pk": 10, "fields": {"app_label": "kapde", "model": "order"}}, {"model": "contenttypes.contenttype", "pk": 11, "fields": {"app_label": "kapde", "model": "company"}}, {"model": "contenttypes.contenttype", "pk": 12, "fields": {"app_label": "kapde", "model": "vendor"}}, {"model": "sessions.session", "pk": "1sjs1tdvafss2kcwwdniobpcoyaugwhd", "fields": {"session_data": "eyJjYXJ0Ijp7IjEiOjEsIjIiOjEsIjMiOjF9fQ:1pY7IO:nzknM7o2tc0aTwEDo0QWPTisSmES-jmuYnyhKJC3XcU", "expire_date": "2023-03-17T15:26:08.863Z"}}, {"model": "sessions.session", "pk": "2nx2bis3x63q9rlfd8lcbx5joth0s3hs", "fields": {"session_data": "eyJvcmRlciI6e30sImNhcnQiOnsiMSI6Mn0sImN1c3RvbWVyIjoxMSwibmFtZSI6ImhvbmV5In0:1pjMxo:GUWgI_xcFZhByW9lF64cTTLqFQwJL5yOdJVMvbMn0eo", "expire_date": "2023-04-17T16:23:24.704Z"}}, {"model": "sessions.session", "pk": "3rlwylxx0ppsw2rmvpbf6xpm7h4c2fjc", "fields": {"session_data": "eyJjYXJ0Ijp7fSwiY3VzdG9tZXIiOjExfQ:1pfdph:1XNosPDHJkLzycclqYNFFH9-gVtMJz7mhPTSm824BQU", "expire_date": "2023-04-07T09:35:37.892Z"}}, {"model": "sessions.session", "pk": "42ls7j39lno90lc9e2vlc42zvc21atf2", "fields": {"session_data": "eyJjYXJ0Ijp7Im51bGwiOjF9LCJjdXN0b21lciI6MTEsIm5hbWUiOiJob25leSJ9:1pjMOY:L0jDiLFYGYoBp6ct1Iy5p2hvuONww5xm39WiJdDhRWA", "expire_date": "2023-04-17T15:46:58.955Z"}}, {"model": "sessions.session", "pk": "4ylmv8r6rjadh5hxc6hovkhmjtyb38ph", "fields": {"session_data": ".eJxVj0sOgzAMRO_iNUL5EEKyqrrvGZDjhE9biBRghbh7Q8Wi3Vl-M-PxDi1u69BuS0jt6MECh-J355BeYT6Bf-Lcx5LivKbRlaekvOhSPqIP7_ul_QsYcBmyuzaMORYYOeYqFKKhDhv03mnqmFKSdPB1UKhFx4lL7bUQyJUUFTOMeMihtC1rnK6euoAw4fjO0T2mccpXMHnkxphbf4JcdDpNmFawe37LigIkWFlA9Z0VWH4cH3PxUVE:1pUt5y:To6A7Rh6Ceb5f0F-LZh4dYXejVHWwfXs6zf6g2UAiEE", "expire_date": "2023-03-08T17:39:58.201Z"}}, {"model": "sessions.session", "pk": "7bgfa5k0ao9ab79pdd2d4zvj6w4yusla", "fields": {"session_data": "eyJjYXJ0Ijp7IjEiOjIsIjIiOjEsIjUiOjJ9fQ:1pWG8s:jZaHhPc-LeFe0xX9z0ku2c--gSg7vQp4t766afbz3go", "expire_date": "2023-03-12T12:28:38.756Z"}}, {"model": "sessions.session", "pk": "9acl2j1a6843k68ugjcq3zlo348nohdy", "fields": {"session_data": "eyJvcmRlciI6e30sImNhcnQiOnt9fQ:1pqH1M:cVzH_zKGbrtPBQ3w0hWTqj13oKXX3B4e7Ce1ZFTiGDY", "expire_date": "2023-05-06T17:27:36.966Z"}}, {"model": "sessions.session", "pk": "9azhiu9dctk132f533flmutsdqp3psam", "fields": {"session_data": "eyJvcmRlciI6e30sImNhcnQiOnsiMiI6Mn0sImN1c3RvbWVyIjoxMSwibmFtZSI6ImhvbmV5In0:1pjMvi:Kt1CN7X9M1d8caiNXpCFrkwm1tsSjrefTUJsdQGxpKg", "expire_date": "2023-04-17T16:21:14.288Z"}}, {"model": "sessions.session", "pk": "9dlcs3yl3io6zrpvpk1gj17mljf8pjua", "fields": {"session_data": "eyJjYXJ0Ijp7IjEiOjMsIm51bGwiOjF9LCJjdXN0b21lciI6MTEsIm5hbWUiOiJob25leSIsIm9yZGVyIjp7fX0:1pjMmU:iUH-3YfoxqMWseOV_IDBAp0ZIhTC5wllQO8O2rxiMpg", "expire_date": "2023-04-17T16:11:42.046Z"}}, {"model": "sessions.session", "pk": "a93s3yb0pmr1kiduoxozsi5avefr8ddk", "fields": {"session_data": ".eJxVj8EOgyAQRP-FsyGAIuqx936DWXbXqm0hQe3F-O_FxIvXeTMvmV3ERJxEtx-FCPBl0YkvhDiLQvSwrWO_LZz6iXKu75kHfHM4Ac0QXlFiDGuavDwr8qKLfEbiz-Pq3gQjLGNe161SXrFCr3wFxjQ4QANE3uGgrC3RMdVswZlBoy4dOWNA29JUqlWoOUt_2R3ziboQCGk93xx_lzFHJA:1qShhu:_H8OTMYCXtwaTUJPbz26QUlbn0ooTIh8Qy6TsGfI6Og", "expire_date": "2023-08-20T17:38:22.292Z"}}, {"model": "sessions.session", "pk": "bava8amfy58rwmwpriez259oqagkh9cm", "fields": {"session_data": "eyJjYXJ0Ijp7fX0:1pdD2E:hezDzRIHjAoYHZuh9FDLhmGudA51Z6dHddDzCltV0iw", "expire_date": "2023-03-31T16:34:30.591Z"}}, {"model": "sessions.session", "pk": "d4wsdmraqfejpj89dpe2q5uvzexz3c6b", "fields": {"session_data": "eyJjYXJ0Ijp7Im51bGwiOjF9LCJjdXN0b21lciI6MTB9:1pdqFY:xdDbgoWvw6ZFsykIJ4P-w7qUAJCGgdg2guyjPvXkbK0", "expire_date": "2023-04-02T10:26:52.204Z"}}, {"model": "sessions.session", "pk": "dfu1hr4v7z1lf2ekyp5reeh4d2jyf87y", "fields": {"session_data": "eyJvcmRlciI6e30sImNhcnQiOnt9LCJ2ZW5kb3IiOjYsIm5hbWUiOiJBbWJhbmkifQ:1qrCos:wMUUMqhA8bLQyj08ZiWZ9E-i6q0j6hc6gQHJgJysNZo", "expire_date": "2023-10-27T07:42:50.080Z"}}, {"model": "sessions.session", "pk": "e2p66zuwigm2gwsfl533i35vyxl9tuco", "fields": {"session_data": "eyJvcmRlciI6e30sImNhcnQiOnt9LCJuYW1lIjoiQW1iYW5pIn0:1qrB7Y:wEp0jQtqSQmctRRqfEfRlMhCZ-H7o9xdbUMNnKbmeGM", "expire_date": "2023-10-27T05:54:00.965Z"}}, {"model": "sessions.session", "pk": "ew9lnzh3p4lf2n1dighrpnlbw92auwn8", "fields": {"session_data": "eyJjYXJ0Ijp7Im51bGwiOjF9LCJjdXN0b21lciI6MTEsIm5hbWUiOiJob25leSJ9:1pjMMe:xBemDNOy2fMrlUUZ_p-J_qonW9u6Vua7Sda5L-f0UUY", "expire_date": "2023-04-17T15:45:00.446Z"}}, {"model": "sessions.session", "pk": "f7pa16mgldcht00fkqfo0ew4gd5esodz", "fields": {"session_data": "eyJvcmRlciI6e30sImNhcnQiOnt9fQ:1pjNDi:P8xBNe7jUYUNYURDSmODOKfQ_MN243wQFYFMAgFoa_I", "expire_date": "2023-04-17T16:39:50.193Z"}}, {"model": "sessions.session", "pk": "fj8i2hsvnj1fujmfyerkajrpaemf7vzf", "fields": {"session_data": ".eJxVjDsOgzAQBe_iOrLWBmNCmT5nQOvdJZAPlmxTIe4ekGho38ybVRGmorp1u6kelzL2S5bUT6w6ZdRlC0gfmQ_Ab5xfUVOcS5qCPhR90qyfkeX7ON1LYMQ87u_mDhBAgAKEGq1tacAWmYOnAZyryAs34tDbwZCpPHtr0bjK1nAHMrJHackl_iSprt3-X2c_qA:1pW91q:rDzqm-Etcx6o_rtzufFEVdbjTV4c7dNhuUZan-3-wao", "expire_date": "2023-03-12T04:52:54.251Z"}}, {"model": "sessions.session", "pk": "fukewyetzm9wqdqwg76jn3kmjnjrlrv1", "fields": {"session_data": "eyJjYXJ0Ijp7IjMiOjF9fQ:1pdqLb:Z0FCTXg34EgNPXbRQm_f90SJ32Dw8rxi3rISvCF2U78", "expire_date": "2023-04-02T10:33:07.278Z"}}, {"model": "sessions.session", "pk": "fvi4mrlo92wwkhafr2qxt1ggrfhw5jwy", "fields": {"session_data": "eyJvcmRlciI6e30sImNhcnQiOnsiMiI6Mn0sIm5hbWUiOiJBbWJhbmkifQ:1qXk33:-lBlZHl7KspV5KgjBWJ9BsCiZ0VmgDqMdDgPNmnCK10", "expire_date": "2023-09-03T15:09:01.520Z"}}, {"model": "sessions.session", "pk": "ln3ivody8vqxdq473riks5mgemc5f3ln", "fields": {"session_data": ".eJxVjDEOgzAQBP_iOrLOBmOgTJ83oPPdEUgiW8KmQvw9IFEk7c7sbGrAtUzDmmUZZla9Mur2uwWkt8QT8AvjM2lKsSxz0KeiL5r1I7F87pf7F5gwT8e76QACCFCAUKO1LY3YInPwNIJzFXnhRhx6OxoylWdvLRpX2Ro6ICNHlHApqt_2_Qs3FTtU:1pVx7B:LVNBAe_H1XCBrCwqoajnPsIShwWsrftvnEgUoc-p-Qc", "expire_date": "2023-03-11T16:09:37.261Z"}}, {"model": "sessions.session", "pk": "nwuvf45orq0n1x45j6y1kd6pvm2cwc1w", "fields": {"session_data": "eyJvcmRlciI6e30sImNhcnQiOnt9fQ:1qrAln:RQoLrYn1L6uYWMnLFhu37n8Jaa8qrJCbh2c76Kmu6cc", "expire_date": "2023-10-27T05:31:31.494Z"}}, {"model": "sessions.session", "pk": "pdqjg5zmn1q3aisvi9x45bz4qg3fklj7", "fields": {"session_data": ".eJxVjMEOgjAQRP9lz4S0Qmnhpne_gWy7W0GlTQp4Ify7NXLhNpn3ZjaIiThBt-0FOEzLP304UMxtU0DAiaGD62QxjFBAj-sy9OvMqR8pg-rcWXSvPM6AnhgesXQxLGm05U8pDzqX90j8vh3u6WDAechrj4qMwIsSnhC1pLp2hJor47TWVqCxorEKvbHkWVmpFcrGtw5Ztsox7F_Xkkia:1rXjnQ:Fj-xR21-fGQdkGwkksD9ajhysiEDKxniO1rB8WxpXDc", "expire_date": "2024-02-21T15:25:08.969Z"}}, {"model": "sessions.session", "pk": "pssugc9dva4gu7u4qvx7krga1hux39mt", "fields": {"session_data": "eyJjYXJ0Ijp7fX0:1pjMQy:brt1rebJTZiQlmLANYWJVoF3TCIj7VGah7LMz7Er1ag", "expire_date": "2023-04-17T15:49:28.936Z"}}, {"model": "sessions.session", "pk": "rw2k45wsqmp4byz90jz24up72bli6w3f", "fields": {"session_data": "eyJjYXJ0Ijp7fX0:1pfOA1:Fj3fFRsvA-JlXTefSLD4H9fRVzP97v5T6ht5sm59td4", "expire_date": "2023-04-06T16:51:33.435Z"}}, {"model": "sessions.session", "pk": "rwfeaeppa11wqj3l7gvqcg6qc8fna5g4", "fields": {"session_data": ".eJxVzDEOgzAMBdC7eEYoKYQEtnbvGZATO4W2JFKALoi7N1VZ2L78n_8GMREn6La9AIdp-aeAE0MH18liGKGADweKWTUF9LguQ7_OnPqRsqngdLPoXhnngp4YHrF0MSxptOWPlEc7l_dI_L4d9jQw4Dzkb4-KjMCLEp4QtaS6doSaK-O01lagsaKxCr2x5FlZqRXKxrcOWbbKMexf1e9Img:1rC3hA:ufmeGMn3fW99oMjG5adhCMRytjFfye0u3jTDQSlxbJg", "expire_date": "2023-12-23T20:13:04.653Z"}}, {"model": "sessions.session", "pk": "s02zri7ssjzr9sbxcrbvs9oq6d6j9ya6", "fields": {"session_data": "eyJvcmRlciI6e30sImNhcnQiOnt9fQ:1pjNB4:NYWydJn-jgEvgeuf-mrSPTe8QaetfPFM84EMBthFr-E", "expire_date": "2023-04-17T16:37:06.141Z"}}, {"model": "sessions.session", "pk": "tnz5gen8y6j70o9042eyfacreemknjva", "fields": {"session_data": ".eJxVjEEOwiAQRe_C2pCBltK6dO8ZyDAzSNVAUtqV8e7apAvd_vfef6mA25rD1mQJM6uzMur0u0Wkh5Qd8B3LrWqqZV3mqHdFH7Tpa2V5Xg737yBjy996mAAiCFCE2KO1IyUckTl6SuBcR154EIfeJkOm8-ytReM628MEZES9P_fsOAg:1pTHhl:FK9ZaN75yDsjfzSbRMMmUfOIVz67tXqSTtMCYiYcc-o", "expire_date": "2023-03-04T07:32:21.411Z"}}, {"model": "sessions.session", "pk": "toficjdaqadqb7kmzm5yb2ej4tvmij9j", "fields": {"session_data": ".eJxVjMsOgjAURP_lrk3TKqWFpXu_gdxXBTU0KbAi_LsS2bCbzDkzK-QiWqBdtwswlvmfOlzmvlsmLd0g0MINTh0hv3XcgbxwfGbDeZzLQGZXzEEn88iin_vhng56nPrfOqGXaPHqbRLE4KSqWDDoLXIIgSxGsjV5TJEkqScXPLo6NYzqGs8K2xcXT0BV:1rc6Ew:aQCfzc3cnY1KNoEie20Pbzl7rk9i_x0jWPe2w-G6hYE", "expire_date": "2024-03-04T16:11:34.958Z"}}, {"model": "sessions.session", "pk": "xvylhakj12dqejtbrhs93eoegq38wpp5", "fields": {"session_data": ".eJxVj00OgyAQhe_CuiEFERiX3XsGMzBQbSskqCvj3YuJG5fv70veznKhUFi3Hw824LaOw7aEMkzEOibYzXPovyGdAX0wvTP3Oa1lcvys8CtdeJ8p_F5X9wYYcRnrWgbVtK23ykKMFrQXpJ2m8PQxaulJOdMqUCBBNFogNC5KMtGAscZRhApNOIdKwhlTVR7Lej44_mJxQxA:1qqS90:7mt9JD-TrNj71x38V1GHaHu7-WrxEbxrzRvmWBWK8es", "expire_date": "2023-10-25T05:52:30.134Z"}}, {"model": "sessions.session", "pk": "y326utn9pc40kaff8otjhn4qxu6g6lwm", "fields": {"session_data": "eyJvcmRlciI6e30sImNhcnQiOnt9LCJjdXN0b21lciI6MTQsIm5hbWUiOiJJbmR1In0:1pqrpi:A5fknALRC2Sjtb5fehhPQ32b3qhqKdkY4c-yKdqzf_w", "expire_date": "2023-05-08T08:46:02.110Z"}}, {"model": "sessions.session", "pk": "yi2mhtdh2zse41wb8axcty5lbqt0zpnt", "fields": {"session_data": "eyJjYXJ0Ijp7fX0:1pgqSI:TwUFZC9IHjXbPRJOGAKsQpN8lsSSJI-arWTDcAMsmC8", "expire_date": "2023-04-10T17:16:26.778Z"}}, {"model": "sessions.session", "pk": "yv6u41f689952cij99cr3277nwgxl5ig", "fields": {"session_data": ".eJxVjEEOwiAQRe_C2pCBltK6dO8ZyDAzSNVAUtqV8e7apAvd_vfef6mA25rD1mQJM6uzMur0u0Wkh5Qd8B3LrWqqZV3mqHdFH7Tpa2V5Xg737yBjy996mAAiCFCE2KO1IyUckTl6SuBcR154EIfeJkOm8-ytReM628MEZES9P_fsOAg:1qh1cK:bSoAGzPbOt5pwvslmfClI93XOhCeOxMnlyxrFsI74lE", "expire_date": "2023-09-29T05:43:48.438Z"}}, {"model": "sessions.session", "pk": "zcz7bwr147rgj2om8cmfc8rzkpzgf2s1", "fields": {"session_data": "eyJvcmRlciI6e30sImNhcnQiOnt9fQ:1q0K2f:5wFMPxv9ylX83Kh236VUHXAVxkkE9jK8oGoPHlJZdck", "expire_date": "2023-06-03T10:42:29.293Z"}}, {"model": "kapde.catagory", "pk": 1, "fields": {"name": "Clothes - Men"}}, {"model": "kapde.catagory", "pk": 2, "fields": {"name": "Clothes - Women"}}, {"model": "kapde.catagory", "pk": 3, "fields": {"name": "Children - Boys"}}, {"model": "kapde.catagory", "pk": 4, "fields": {"name": "Children - Girls"}}, {"model": "kapde.company", "pk": 1, "fields": {"name": "H&M"}}, {"model": "kapde.company", "pk": 2, "fields": {"name": "Adidas"}}, {"model": "kapde.company", "pk": 3, "fields": {"name": "Puma"}}, {"model": "kapde.company", "pk": 4, "fields": {"name": "Adden"}}, {"model": "kapde.vendor", "pk": 6, "fields": {"name": "Ambani", "email": "ambani@gmail.com", "company": 2, "phone": 9999999999, "password": "pbkdf2_sha256$390000$5fb40D35BuNLge1UGqPfg5$PvMzhxC8zEboRZqk0asS3Gk9lzXPTJ+myMIKyYjptp4="}}, {"model": "kapde.vendor", "pk": 8, "fields": {"name": "Adani", "email": "adani@gmail.com", "company": 1, "phone": 2222222222, "password": "pbkdf2_sha256$390000$HLCVfXDxVnDnPPQWF4JW6L$m3yfSGr2YBh+JnjVqR1vJ+5AabTyuwVTPvUiSCISf6g="}}, {"model": "kapde.vendor", "pk": 9, "fields": {"name": "Raghu", "email": "raghu@gmail.com", "company": 3, "phone": 3333333333, "password": "pbkdf2_sha256$390000$o1SXPrx6X09mCeKzGmGHnS$1AwBRKd2YbRwAbjkcKMTPT54LWTgrmaRbAa3fPAMBiw="}}, {"model": "kapde.vendor", "pk": 10, "fields": {"name": "Raavan", "email": "raavan@gmail.com", "company": 4, "phone": 5555555555, "password": "pbkdf2_sha256$390000$DGuq6E97LjVsRPN2xFvVOe$LTddy7uEYyVLW0iCkZE9o9prEwzHq7lE4NEaYfwT0pE="}}, {"model": "kapde.vendor", "pk": 11, "fields": {"name": "Raghuram", "email": "raghuram@gmail.com", "company": 1, "phone": 1029384756, "password": "pbkdf2_sha256$390000$hWngXenurEjZlx91B1Kow4$Arrpv4xnLiMkG/MOhcR6vIWYipq+jUVlY7tyT4ZIhpI="}}, {"model": "kapde.vendor", "pk": 12, "fields": {"name": "babaji", "email": "baba@gmail.com", "company": 3, "phone": 1111110000, "password": "pbkdf2_sha256$390000$KzjpvShAXjspWlMAq47CEf$fnDDBp8YdkmFnjl/69qeOeua8VAB46iyi02k1uv7FBo="}}, {"model": "kapde.product", "pk": 1, "fields": {"name": "LE VIVA RAIMENT MEN'S COTTON SLIM FIT RED SHIRT", "price": 450, "stock": 29, "catagory": 1, "vendor": 8, "image": "uploads/products/815qCLkD6RL._UL1500__YwY7PJq.jpg", "sale": 1}}, {"model": "kapde.product", "pk": 2, "fields": {"name": "The Souled Store |men official Round Neck lion king hakuna matata|oversized T-shirt", "price": 525, "stock": 28, "catagory": 1, "vendor": 8, "image": "uploads/products/61aBsE7SlL._UY741_.jpg", "sale": 2}}, {"model": "kapde.product", "pk": 3, "fields": {"name": "Allen Solly Men's Slim fit black shirt", "price": 839, "stock": 30, "catagory": 1, "vendor": 8, "image": "uploads/products/71aQIPEiPwL._UL1500_.jpg", "sale": 0}}, {"model": "kapde.product", "pk": 4, "fields": {"name": "Hero Motocorp premium regular fit classic polo black T-shirt for men", "price": 1049, "stock": 30, "catagory": 1, "vendor": 8, "image": "uploads/products/51w03D-fB7L._UX679__yNjr7oe.jpg", "sale": 0}}, {"model": "kapde.product", "pk": 5, "fields": {"name": "Kurta for Men", "price": 2800, "stock": 30, "catagory": 1, "vendor": 9, "image": "uploads/products/61DPhB0TjXL._UY741__8aOGWyN.jpg", "sale": 0}}, {"model": "kapde.product", "pk": 6, "fields": {"name": "Regular Blue T-shirt", "price": 672, "stock": 30, "catagory": 1, "vendor": 9, "image": "uploads/products/61nqIWa8z9L._UX679__7j1Jyox.jpg", "sale": 0}}, {"model": "kapde.product", "pk": 7, "fields": {"name": "The souled store|official popeye:sailor crew men's regular fit white T-shirt", "price": 699, "stock": 30, "catagory": 1, "vendor": 9, "image": "uploads/products/61TuU14FvPL._UY741__v3k5rvO.jpg", "sale": 0}}, {"model": "kapde.product", "pk": 8, "fields": {"name": "Being Human Men's Poly Cotton Round Neck Casual Black T-Shirt", "price": 1199, "stock": 30, "catagory": 1, "vendor": 9, "image": "uploads/products/Being_Human_Mens_Poly_Cotton_Round_Neck_Casual_R.jpg", "sale": 0}}, {"model": "kapde.product", "pk": 9, "fields": {"name": "INDO ERA Women's Cotton Blend Solid Straight black Kurta plazzosuit", "price": 599, "stock": 30, "catagory": 2, "vendor": 8, "image": "uploads/products/71ERhFRzcIL._UY741__CR19PpH.jpg", "sale": 0}}, {"model": "kapde.product", "pk": 10, "fields": {"name": "AND Women Floral sky blue Top", "price": 448, "stock": 30, "catagory": 2, "vendor": 8, "image": "uploads/products/81dMDM2RBGL._UX569__m3iGq04.jpg", "sale": 3}}, {"model": "kapde.product", "pk": 11, "fields": {"name": "INDO ERA Women's Viscose Solid Straight Black Kurta Palazzo suit", "price": 3147, "stock": 30, "catagory": 2, "vendor": 8, "image": "uploads/products/81sRLLJ9Y6L._UY741__D7tYN8F.jpg", "sale": 2}}, {"model": "kapde.product", "pk": 12, "fields": {"name": "Levi's Women's Regular Fit White T-Shirt", "price": 530, "stock": 30, "catagory": 2, "vendor": 8, "image": "uploads/products/710z01XOOrL._UX569__pFGTeA8.jpg", "sale": 0}}, {"model": "kapde.product", "pk": 13, "fields": {"name": "Harpa Women's Plain Regular fit white Top", "price": 999, "stock": 30, "catagory": 2, "vendor": 9, "image": "uploads/products/81AuMZrtlXL._UL1500_.jpg", "sale": 0}}, {"model": "kapde.product", "pk": 14, "fields": {"name": "Miss Chase Women's Grey & White Round Neck half sleeves cold shoulder Top", "price": 1349, "stock": 30, "catagory": 2, "vendor": 9, "image": "uploads/products/81o5eQAdsGL._UL1500_.jpg", "sale": 0}}, {"model": "kapde.product", "pk": 15, "fields": {"name": "Miss Chase Women's Black sleeveless crop Top", "price": 460, "stock": 30, "catagory": 2, "vendor": 9, "image": "uploads/products/81sBXoebupL._UL1500__uA8F0j0.jpg", "sale": 0}}, {"model": "kapde.product", "pk": 16, "fields": {"name": "Miss Chase Women's Turquoise floral Boat Neck 3/4 ruffled sleeve long tie-up top", "price": 480, "stock": 30, "catagory": 2, "vendor": 9, "image": "uploads/products/91ZV6MDwl3L._UL1500_.jpg", "sale": 0}}, {"model": "kapde.product", "pk": 17, "fields": {"name": "Baby Boy Autumn Winter Warm Striped Bear Huddy Denim Pant", "price": 350, "stock": 30, "catagory": 3, "vendor": 8, "image": "uploads/products/41ZFt4yuGyL_oPZimRQ.jpg", "sale": 0}}, {"model": "kapde.product", "pk": 18, "fields": {"name": "AJ DEZINES Boy's Cotton Suit Piece", "price": 460, "stock": 30, "catagory": 3, "vendor": 8, "image": "uploads/products/81MiDd3YcpL._UY741__D46a7Ku.jpg", "sale": 0}}, {"model": "kapde.product", "pk": 19, "fields": {"name": "KYDA KIDS 100% Cotton Boys Clothing Set T-shirt & Short", "price": 240, "stock": 30, "catagory": 3, "vendor": 8, "image": "uploads/products/819SWYu8ujL._UX679__wr0WZS2.jpg", "sale": 0}}, {"model": "kapde.product", "pk": 20, "fields": {"name": "SHIRAZI KIDS Boy's Cotton Hosiery Huddy with Denim Pant", "price": 200, "stock": 30, "catagory": 3, "vendor": 8, "image": "uploads/products/CB-4.jpg", "sale": 0}}, {"model": "kapde.product", "pk": 21, "fields": {"name": "KYDA KIDS 100% Cotton Boys Clothing Set T-shirt & Short", "price": 560, "stock": 30, "catagory": 3, "vendor": 9, "image": "uploads/products/CB-3.jpg", "sale": 0}}, {"model": "kapde.product", "pk": 22, "fields": {"name": "Slim fit Casual Shirt Blue", "price": 180, "stock": 29, "catagory": 1, "vendor": 10, "image": "uploads/products/81By76Ic5L._UL1500_.jpg", "sale": 1}}, {"model": "kapde.product", "pk": 23, "fields": {"name": "LE BOURGEOIS Women Solid White fit crop Top", "price": 123, "stock": 30, "catagory": 2, "vendor": 10, "image": "uploads/products/81vdHasFRoL._UL1500_.jpg", "sale": 0}}, {"model": "kapde.product", "pk": 24, "fields": {"name": "Mustard yellow cotton floral print kurta", "price": 560, "stock": 30, "catagory": 2, "vendor": 10, "image": "uploads/products/818TMGuFR2L._UX569__TLn4l3J.jpg", "sale": 0}}, {"model": "kapde.product", "pk": 25, "fields": {"name": "Lymio Dresses for Women Black Color Women Dress", "price": 560, "stock": 30, "catagory": 2, "vendor": 10, "image": "uploads/products/6195IGgj6GL._UY741_.jpg", "sale": 0}}, {"model": "kapde.product", "pk": 26, "fields": {"name": "People Women's Regular fit Baby Pink Top", "price": 156, "stock": 30, "catagory": 2, "vendor": 10, "image": "uploads/products/People_Womens_Regular_fit_Top_.jpg", "sale": 0}}, {"model": "kapde.product", "pk": 27, "fields": {"name": "HIT SQUARE Pure Cotton Round Neck Black T-shirt & White short for men", "price": 320, "stock": 30, "catagory": 1, "vendor": 10, "image": "uploads/products/71Q8klRg3qL._UX679__QohVLk6.jpg", "sale": 0}}, {"model": "kapde.product", "pk": 28, "fields": {"name": "Tfortees Men's Cotton Black T-shirt", "price": 160, "stock": 30, "catagory": 1, "vendor": 10, "image": "uploads/products/538228-0286_1-510x649.jpeg", "sale": 0}}, {"model": "kapde.product", "pk": 29, "fields": {"name": "Being Human Men's poly Cotton regular fit black hoodie", "price": 160, "stock": 30, "catagory": 1, "vendor": 10, "image": "uploads/products/81NQ8oDrMJL._UX679__QP2PpGq.jpg", "sale": 0}}, {"model": "kapde.product", "pk": 31, "fields": {"name": "Leriyer Fashion Shirt for Men | Tropical leaf printed rayon shirt for menookMark Men's Poly Cotton Digital Printed Stitched Half Sleeve Shirt", "price": 330, "stock": 34, "catagory": 1, "vendor": 6, "image": "uploads/products/71cFpnm0b6S._UL1280_.jpg", "sale": 1}}, {"model": "kapde.product", "pk": 32, "fields": {"name": "Lymio Casual Shirt for Men|| Shirt for Men|| Men Stylish Shirt || Men Printed Shirt (Mistry)", "price": 700, "stock": 30, "catagory": 1, "vendor": 6, "image": "uploads/products/71MaGTXl7ML._UL1500_.jpg", "sale": 1}}, {"model": "kapde.product", "pk": 33, "fields": {"name": "Lyned Mens Cotton Half Sleeve Striped Polo T Shirt with Collar", "price": 664, "stock": 30, "catagory": 1, "vendor": 6, "image": "uploads/products/81orqpXtiZS._UL1500_.jpg", "sale": 0}}, {"model": "kapde.product", "pk": 34, "fields": {"name": "Lyriq Casual Shirt for Men|| Shirt for Men|| Men Stylish Shirt || Men Printed Shirt", "price": 450, "stock": 35, "catagory": 1, "vendor": 6, "image": "uploads/products/41K8J6J3fUL.jpg", "sale": 0}}, {"model": "kapde.product", "pk": 35, "fields": {"name": "GoSriKi Women Kurta with Pant & Dupatta", "price": 759, "stock": 30, "catagory": 2, "vendor": 6, "image": "uploads/products/413Agtc9oPL.jpg", "sale": 0}}, {"model": "kapde.product", "pk": 36, "fields": {"name": "Lymio Women Top (526-576)", "price": 399, "stock": 30, "catagory": 2, "vendor": 6, "image": "uploads/products/61Fxn7u8yGL._UL1500_.jpg", "sale": 0}}, {"model": "kapde.product", "pk": 37, "fields": {"name": "Jesani Creation Western Dresses for Women |Square Collar OR Off Shoulder Wearing Dress | Midi Western Dress for Women.", "price": 499, "stock": 30, "catagory": 2, "vendor": 6, "image": "uploads/products/51ZP5CpaVnL.jpg", "sale": 0}}, {"model": "kapde.product", "pk": 38, "fields": {"name": "Uptownie Lite Women's Knee Length Black Jumpsuit", "price": 669, "stock": 30, "catagory": 2, "vendor": 6, "image": "uploads/products/31FHYc7BMYL.jpg", "sale": 0}}, {"model": "kapde.product", "pk": 39, "fields": {"name": "AJ DEZINES Boy's Cotton Outfits & Clothing Set (684-$P)", "price": 1111, "stock": 30, "catagory": 3, "vendor": 9, "image": "uploads/products/41UyrOLbErL.jpg", "sale": 0}}, {"model": "kapde.product", "pk": 40, "fields": {"name": "Kidling Boy's Cotton Shirt And Shorts Set", "price": 683, "stock": 30, "catagory": 3, "vendor": 9, "image": "uploads/products/41WSlN0J-S.jpg", "sale": 0}}, {"model": "kapde.product", "pk": 41, "fields": {"name": "Marvel Spiderman by Wear Your Mind Boys T-Shirt", "price": 359, "stock": 30, "catagory": 3, "vendor": 9, "image": "uploads/products/712nylYv3jL._UL1500_.jpg", "sale": 0}}, {"model": "kapde.product", "pk": 42, "fields": {"name": "Hopscotch Boys Cotton All-Over Print T-Shirt with Jacket & Pant Set in Green Color", "price": 910, "stock": 30, "catagory": 3, "vendor": 6, "image": "uploads/products/51bcWU9yL.jpg", "sale": 0}}, {"model": "kapde.product", "pk": 43, "fields": {"name": "Bold N Elegant Disney Mickey Mouse Cartoon Print Kid's Sweatshirt T-shirt Jogger Coordinated Clothing Set for Infant Toddler Baby Boy Girl", "price": 560, "stock": 30, "catagory": 3, "vendor": 6, "image": "uploads/products/51URo3UEyhL.jpg", "sale": 0}}, {"model": "kapde.product", "pk": 44, "fields": {"name": "Alan Jones Clothing Boys Cotton Blend Hooded Neck Hoodies", "price": 549, "stock": 30, "catagory": 3, "vendor": 6, "image": "uploads/products/31PjKgDKqIL.jpg", "sale": 0}}, {"model": "kapde.product", "pk": 45, "fields": {"name": "Messi 10 Football Jersey 2022/23 with Black Shorts (Boys & Kids)", "price": 360, "stock": 30, "catagory": 3, "vendor": 6, "image": "uploads/products/41IIy0HeaDL.jpg", "sale": 0}}, {"model": "kapde.product", "pk": 46, "fields": {"name": "More & More Unisex-Child Cotton Hooded Neck Avenger Printed Hoodie", "price": 533, "stock": 30, "catagory": 3, "vendor": 10, "image": "uploads/products/41asWKGYzGL.jpg", "sale": 0}}, {"model": "kapde.product", "pk": 47, "fields": {"name": "Googo Gaaga Boy's Cotton Blazer Attached T-Shirt with Pant Set in Green Color", "price": 597, "stock": 30, "catagory": 3, "vendor": 10, "image": "uploads/products/41mCak1OFiL.jpg", "sale": 0}}, {"model": "kapde.product", "pk": 48, "fields": {"name": "U.S. Polo Assn. Kids Boys Boys' T-Shirts & Polos", "price": 789, "stock": 30, "catagory": 3, "vendor": 10, "image": "uploads/products/91UI5ojeXpL._UL1500_.jpg", "sale": 0}}, {"model": "kapde.product", "pk": 49, "fields": {"name": "Lion King by Wear Your Mind Boy's Regular Fit T-Shirt", "price": 327, "stock": 30, "catagory": 3, "vendor": 10, "image": "uploads/products/51b0KsNwQ0L.jpg", "sale": 0}}, {"model": "kapde.product", "pk": 50, "fields": {"name": "Nautinati Girls Set", "price": 659, "stock": 30, "catagory": 4, "vendor": 8, "image": "uploads/products/71DmjJsnU9L._UL1440_.jpg", "sale": 0}}, {"model": "kapde.product", "pk": 51, "fields": {"name": "nauti nati Girls Girls Top With Shorts", "price": 699, "stock": 30, "catagory": 4, "vendor": 8, "image": "uploads/products/41APXFUkeFL.jpg", "sale": 0}}, {"model": "kapde.product", "pk": 52, "fields": {"name": "Hopscotch Girls Skirt Set", "price": 744, "stock": 30, "catagory": 4, "vendor": 8, "image": "uploads/products/51ZEbToMXmL._UL1000_.jpg", "sale": 0}}, {"model": "kapde.product", "pk": 53, "fields": {"name": "Uptownie Lite Girls Midi Keyhole Jumpsuit", "price": 399, "stock": 30, "catagory": 4, "vendor": 8, "image": "uploads/products/41BnEIKZEBL.jpg", "sale": 0}}, {"model": "kapde.product", "pk": 54, "fields": {"name": "Belvik Girl Cotton Lycra Dress", "price": 470, "stock": 30, "catagory": 4, "vendor": 6, "image": "uploads/products/31xtY1TlTlL.jpg", "sale": 0}}, {"model": "kapde.product", "pk": 55, "fields": {"name": "GIRLS DESIGNER CLOTHING SET", "price": 450, "stock": 30, "catagory": 4, "vendor": 6, "image": "uploads/products/414HVRVWZGL.jpg", "sale": 0}}, {"model": "kapde.product", "pk": 56, "fields": {"name": "Badshah New Girl's Cotton Anarkali Salwar Suit Set", "price": 399, "stock": 30, "catagory": 4, "vendor": 6, "image": "uploads/products/51aL7-Gsy8L.jpg", "sale": 0}}, {"model": "kapde.product", "pk": 57, "fields": {"name": "CUPIDVIBE Girls' Cotton Lycra 2 PCs Maxi Dress (Navy)", "price": 710, "stock": 30, "catagory": 4, "vendor": 6, "image": "uploads/products/61wG7xGVDaL._UL1500_.jpg", "sale": 0}}, {"model": "kapde.product", "pk": 58, "fields": {"name": "CUPIDVIBE Girl's Cotton Lycra 2 PCs Top & Palazzo Set Dress", "price": 540, "stock": 30, "catagory": 4, "vendor": 9, "image": "uploads/products/51v8qeAOdoL._UL1280_.jpg", "sale": 0}}, {"model": "kapde.product", "pk": 59, "fields": {"name": "Girls Designer Clothing Set Of Top and Plazzo", "price": 449, "stock": 30, "catagory": 4, "vendor": 9, "image": "uploads/products/41Ai0HjMD1L.jpg", "sale": 0}}, {"model": "kapde.product", "pk": 60, "fields": {"name": "LP fashion Baby girls Top & Bottom wear set || Girls clothes || Top And Shorts", "price": 335, "stock": 30, "catagory": 4, "vendor": 9, "image": "uploads/products/41WITURpqDL.jpg", "sale": 0}}, {"model": "kapde.product", "pk": 61, "fields": {"name": "Kids Girls' Clothing Set Stripe Pink palazzo And White Top", "price": 450, "stock": 30, "catagory": 4, "vendor": 9, "image": "uploads/products/41yDSeA9kuL.jpg", "sale": 0}}, {"model": "kapde.product", "pk": 62, "fields": {"name": "Jiya Fashion Girls Hooded Sweatshirt & Flared Pant Coordinate Set NavyBlue", "price": 499, "stock": 30, "catagory": 4, "vendor": 10, "image": "uploads/products/31JZD9W6NZL.jpg", "sale": 0}}, {"model": "kapde.product", "pk": 63, "fields": {"name": "White Button New Digital Printed Art Silk Jacket Style Gown for Girls Maxi Dress", "price": 1215, "stock": 30, "catagory": 4, "vendor": 10, "image": "uploads/products/71gZD4TrrwL._UL1447_.jpg", "sale": 0}}, {"model": "kapde.product", "pk": 64, "fields": {"name": "Wish Karo Baby Girls Frocks Dress-(fe2644)", "price": 490, "stock": 30, "catagory": 4, "vendor": 10, "image": "uploads/products/7113XqJIZ9L._UL1500_.jpg", "sale": 0}}, {"model": "kapde.product", "pk": 65, "fields": {"name": "TAGAS Toddler Girls Floral Print Ruffle Trim Belted Dress", "price": 480, "stock": 31, "catagory": 4, "vendor": 10, "image": "uploads/products/81jJKk1miWL._UL1500_.jpg", "sale": 0}}, {"model": "kapde.customer", "pk": 15, "fields": {"first_name": "Anurag", "last_name": "Sharda", "phone": "1122334455", "email": "demoac0211@gmail.com", "password": "pbkdf2_sha256$390000$jAOSpfYKj7iL3W63yfWOVj$fBgE+PC6SInShrRybHsKwLeb0ZvbovpRDtb03nSzOZo="}}, {"model": "kapde.customer", "pk": 17, "fields": {"first_name": "honey", "last_name": "sharda", "phone": "1111111111", "email": "abc@gmail.com", "password": "pbkdf2_sha256$390000$ujod3i1zg1YV6jgn00PiJo$LyHfbdwYX+9dn6T9eruBFzZD3GJKfksEWki6ZOgP1+g="}}, {"model": "kapde.customer", "pk": 18, "fields": {"first_name": "manoj", "last_name": "kumar", "phone": "6283844778", "email": "manoj.shemar@gmail.com", "password": "pbkdf2_sha256$390000$T0lGSNiCF9HtnuD1Gqabe2$E9S8b6HSUqvzUfSwwfC5ZLBTc6RIE/A4LAJVbM8DzaE="}}, {"model": "kapde.customer", "pk": 19, "fields": {"first_name": "manoj", "last_name": "kumar", "phone": "1122112211", "email": "abcd@gmail.com", "password": "pbkdf2_sha256$390000$OLS1NyEUEuKCjetfpFDCud$VNckyb71+Yoe57BgDmxR8OyFdYp/Kpz6V1hvXsUasB4="}}, {"model": "kapde.customer", "pk": 20, "fields": {"first_name": "simar", "last_name": "singh", "phone": "1111119999", "email": "simar@gmail.com", "password": "pbkdf2_sha256$390000$T5qDBFAydZUZ8hddX5rVCu$uOOJs1jQKqIycg9LkZnqwq9xjzqf/JRHY4CCd01V1EQ="}}, {"model": "kapde.customer", "pk": 21, "fields": {"first_name": "aman", "last_name": "singh", "phone": "9796897677", "email": "am@gmail.com", "password": "pbkdf2_sha256$320000$KZ9kfY7fve2jg1e7r9W1ai$YFX9BH/LjQmQXqj656RM8yQacUu6RbjDthNDR5CwHrY="}}, {"model": "kapde.order", "pk": 45, "fields": {"product": 31, "customer": 17, "quantity": 1, "price": 329, "address": "mfoerkmeorkmoekm", "city": "Jalandhar", "date": "2023-07-19", "status": false}}, {"model": "kapde.order", "pk": 46, "fields": {"product": 32, "customer": 17, "quantity": 1, "price": 349, "address": "mfoerkmeorkmoekm", "city": "Jalandhar", "date": "2023-07-19", "status": false}}, {"model": "kapde.order", "pk": 47, "fields": {"product": 22, "customer": 19, "quantity": 1, "price": 180, "address": "aaaaaaaaaaaa", "city": "Jalandhar", "date": "2023-09-14", "status": true}}, {"model": "kapde.order", "pk": 48, "fields": {"product": 1, "customer": 20, "quantity": 1, "price": 450, "address": "H.no 111", "city": "Jalandhar", "date": "2023-09-15", "status": false}}, {"model": "kapde.order", "pk": 49, "fields": {"product": 2, "customer": 20, "quantity": 1, "price": 525, "address": "H.no 111", "city": "Jalandhar", "date": "2023-09-15", "status": false}}, {"model": "kapde.order", "pk": 50, "fields": {"product": 2, "customer": 20, "quantity": 1, "price": 525, "address": "H.no 111", "city": "Jalandhar", "date": "2023-09-15", "status": false}}]